-- phpMyAdmin SQL Dump
-- version 3.2.4
-- http://www.phpmyadmin.net
--
-- Host: localhost
-- Generation Time: Aug 29, 2020 at 12:28 AM
-- Server version: 5.1.41
-- PHP Version: 5.3.1

SET SQL_MODE="NO_AUTO_VALUE_ON_ZERO";


/*!40101 SET @OLD_CHARACTER_SET_CLIENT=@@CHARACTER_SET_CLIENT */;
/*!40101 SET @OLD_CHARACTER_SET_RESULTS=@@CHARACTER_SET_RESULTS */;
/*!40101 SET @OLD_COLLATION_CONNECTION=@@COLLATION_CONNECTION */;
/*!40101 SET NAMES utf8 */;

--
-- Database: `millsma_handbook`
--

-- --------------------------------------------------------

--
-- Table structure for table `courses`
--

CREATE TABLE IF NOT EXISTS `courses` (
  `course_id` tinyint(4) unsigned NOT NULL AUTO_INCREMENT,
  `name` varchar(64) NOT NULL,
  `level` char(2) NOT NULL,
  `code` char(3) NOT NULL,
  `contribution` varchar(64) NOT NULL,
  `eotc` varchar(64) NOT NULL,
  `info` varchar(1024) NOT NULL,
  `ue` tinyint(1) NOT NULL,
  `half` tinyint(1) NOT NULL,
  `credit_info` varchar(1024) NOT NULL,
  `la_id` tinyint(3) unsigned NOT NULL,
  PRIMARY KEY (`course_id`),
  KEY `la_id` (`la_id`)
) ENGINE=InnoDB  DEFAULT CHARSET=latin1 COMMENT='stores information about the courses' AUTO_INCREMENT=132 ;

--
-- Dumping data for table `courses`
--

INSERT INTO `courses` (`course_id`, `name`, `level`, `code`, `contribution`, `eotc`, `info`, `ue`, `half`, `credit_info`, `la_id`) VALUES
(0, 'blank', '', '', '', '', '', 0, 0, '', 0),
(1, 'Accounting - Level 1', '11', 'ACC', '$50 for workbooks', 'null', 'Accounting enables students to develop the knowledge and skills to manage the financial affairs of individuals, community organisations and businesses. WHAT IS ACCOUNTING? - Accounting gives students the tools to make real life financial decisions in a constantly changing and uncertain world. - Accounting is the process of preparing and communicating financial information to a wide range of users. - Accounting enhances financial literacy. - Accounting helps individuals and organisations to be accountable to stakeholders for their actions.', 0, 0, 'null', 7),
(2, 'Art - Level 1', '11', 'ART', '$40 for art materials, plus $20 -$60 for purchase of personal ar', 'null', 'The Level 1 course aims to provide students with a broad experience in a range of art fields; painting, printmaking, design and sculpture. Students will work through the creative process in their practical work based on established art practice. Emphasis is placed on drawing processes where students are encouraged to explore, analyse, reflect and develop ideas based on their personal response to a given context.', 0, 0, 'null', 1),
(3, 'Business and Economics - Level 1', '11', 'BEC', '$25 -30 (approximately) for workbooks', '1/2 day trip', '11BEC aims to provide students with a chance to learn business theory then apply their learning by carrying out a Business Activity. The Economics section of the course focuses on the Supply and Demand model and uses it explain the choices of Consumers and Producers when buying goods and services. As well we use the model to analyses the impacts of government decisions such as taxation, subsidies and price controls. The Business Studies section of the course involves studying business decisions in relation to production and marketing. Students will then form companies and plan to make and sell a product at a school market night.', 0, 0, 'Credits will be offered from the selection of standards below with a maximum of 18-21 credits', 7),
(4, 'Chinese - Level 1', '11', 'CHI', '$10 for class materials, $20 for Language Perfect subscription', 'null', 'Students will understand and produce a variety of text types in Chinese and use it to communicate beyond the immediate context about topics of most immediate relevance such as: - Holidays and travel - Sport and leisure - Social arrangements - Home and daily routines - Eating and drinking out - School - Shopping - My Town They will also understand ways in which the language and culture are organised for different purposes', 0, 0, 'Assessment ? Students will study standards from those listed, up to a maximum of 21 credits. They need to be mindful of the minimum number of credits required from the subject which count toward entry to Level 2', 3),
(5, 'Curriculum Based Learning', '11', 'CBL', '$20', 'null', 'This course is designed for students for whom English is a new language. It gives students extra support to manage the language demands of Level 1 Mathematics and Science. It is tailored to suit the needs of the students.', 0, 0, 'null', 0),
(6, 'Dance - Level 1', '11', 'DAN', 'null', 'null', 'A senior dance class with the option of half year/full year. Standards will be chosen from Levels 1-3 based on individual and group interest and needs. This course would suit senior students interested in dance and interested in choreography', 0, 0, '', 1),
(7, 'Design Technology - Level 1', '11', 'DTE', '$100 for material costs', 'null', 'FALSE', 0, 0, 'NB Due to the nature of the Technology assessment matrix, some standards are also in use in other Technology subjects', 8),
(8, 'Design Technology - Pre Apprenticship - Level 1', '11', 'DTP', '$100 for material costs', 'null', 'The course is intended for students who are likely to move on to, or who are considering a future in the construction industry. It uses industry unit standards as assessment. The emphasis is on providing students with practical construction skills', 0, 0, 'Students will study all standards from those listed. Any of the Level 1 and 2 Unit Standard Credits gained during the Pre Apprenticeship course can go towards NCEA Level 1 or 2', 8),
(9, 'Digitial Technologies - Level 1', '11', 'DIT', '$5 for printer balance. 4GB or larger USB stick', 'null', 'This course develops students? understanding of the tools, techniques and concepts that underpin further study in Digital Technologies. This course focuses on becoming a developer of the digital tools of the future', 0, 0, 'As there are newly developed standards the full details of literacy and numeracy credits, and standard number will be published at the beginning of 2018, when confirmed.', 8),
(10, 'Drama - Level 1', '11', 'DRA', '$30 for production costs. Contribution to cover the cost of your', '1 day rehearsal', 'The Level 1 course aims to provide students with a broad introduction to Drama performance. All students take 18 credits, with those wishing to gain a course endorsement able to take an external standard as extension learning. This course provides a safe and supportive environment where students are encouraged to be creative and innovative. It aims to foster confidence and the ability to work collaboratively. Students are given the opportunity to explore genre and the art of devising. Students will also be involved in a major production which will be performed in front of an audience', 0, 0, 'All internal standards are performances. Further assessment opportunities will only be available under exceptional circumstances.', 1),
(11, 'English - Level 1', '11', 'ENG', '$15 for work booklets', 'null', 'The course aims to consolidate and apply clear communication skills developed in the junior school. This includes all aspects of literacy including written, visual and oral language', 0, 0, 'Students also had the opportunity in Year 10 to achieve 90854, Form personal responses to independently read texts supported by evidence, 4 credits. This counts towards Literacy', 2),
(12, 'English Learning - Stage 1', '11', 'ELS', '$20 & Bilingual dictionary', 'null', 'This course is for new speakers of English who are at an English Language Learning Progressions (ELLP) stage of Foundation to Stage 1. The course aims to improve overall language proficiency in reading, writing, listening and speaking, complemented by an extensive vocabulary programme. Skills covered include: - Vocabulary learning strategies - Accuracy and fluency in writing and speaking - Description writing - Recount writing - Reading strategies', 0, 0, 'The following unit standards may be assessed', 2),
(13, 'English Learning - Stage 1', '11', 'ELA', '$20 & Bilingual dictionary', 'null', 'This course focuses on the language skills that students need at ELLP* stages 2 ? 3. It aims to prepare the students for 12ELA. Reading, writing, listening and speaking skills are taught with a strong emphasis on the techniques of academic reading and writing. An academic vocabulary acquisition programme is also provided. *English Language Learning Progressions. Skills covered include: - Vocabulary learning strategies - Opinion writing - Recount writing - Report writing - Expository writing, including reviews and arguments - Reading strategies for academic and literary texts - Research and study skills - Speaking and listening with confidence', 0, 0, 'The following unit standards may be assessed', 2),
(14, 'Fashion and Design - Level 1', '11', 'FDE', '$35 for course fees and trial fabric. You will be required to bu', 'null', 'This course builds essential skills and knowledge for students who are interested in a career path in Fashion or Textiles Design, or for those who love to design and sew as a creative outlet. Thinking, problem solving and managing self are competencies which are key in this subject. Students will complete three practical assignments with supporting research and design work.', 0, 0, 'Due to the nature of the Technology assessment matrix, some standards are also in use in other Technology subjects.', 8),
(15, 'French - Level 1', '11', 'FRE', '$10 for class materials, $20 for Language Perfect subscription', 'null', 'Students will understand and produce a variety of text types in French and use it to communicate beyond the immediate context about topics of most immediate relevance such as: - Holidays and travel - Sport and leisure - The recent past - Social arrangements - Home and daily routines - Eating and drinking out - School - Shopping - My Town They will also understand ways in which the language and culture are organised for different purposes', 0, 0, 'Students will study standards from those listed, up to a maximum of 21 credits. They need to be mindful of the minimum number of credits required from the subject which count toward entry to Level 2', 3),
(16, 'Geography - Level 1', '11', 'GEO', '$20 (approximately) for field trips', '1 day trip', 'Geography is the study of the environment as the home of people. It seeks to interpret the world and how it changes over time ? past, present, and future. This will be done in a number of settings. Topics taught include: Earthquake strengthening in Wellington, Impacts of, and changes to populations, housing and child poverty issues within New Zealand', 0, 0, 'Students will sit two external exams. One will be 91010 and you will then be examined on either 91007 or 91008. The decision on the topic for the second external exam will be decided by the classroom teacher', 7),
(17, 'Graphics (Design and Visual Communication) - Level 1', '11', 'GRA', '$2.50 (approximately) for stationery', 'null', 'Students work on one design brief for the whole year. They develop their practice based on designing, visual communication skills, techniques and research into design heritage. The work done in this product design brief contributes to the internally assessed standards and externally assessed standards by portfolio', 0, 0, 'Due to the nature of the Technology assessment matrix, some standards are also in use in other Technology subjects', 8),
(18, 'History - Level 1', '11', 'HIS', 'null', 'null', 'This course aims to develop students? understanding of key developments in history and to develop the key skills of: ? Historical investigation. - Historical communication - Understanding different perspectives - Essay writing - Resource interpretation', 0, 0, 'null', 7),
(19, 'Japanese - Level 1', '11', 'JAP', '$10 for Kanji book, $10 for Level 1 work materials, $20 for Lang', 'Japanese Speech Competition', 'Students will understand and produce a variety of text types in Japanese and use it to communicate beyond the immediate context about topics of most immediate relevance such as: - My town (giving directions) - Food and drink (shopping, time, days and numbers) - Travel (weather, health) - School life - House and family - Hobbies and Leisure activities Students will learn to read and write 50 Kanji They will also understand ways in which the language and culture are organised for different purposes', 0, 0, 'Students will study standards from those listed, up to a maximum of 21 credits. They need to be mindful of the minimum number of credits required from the subject which count toward entry to Level 2', 3),
(20, 'Te Reo Maori - Level 1', '11', 'MRI', '$20 for Resources', 'null', 'Students will develop skills to understand, read, write and communicate orally in te reo M?ori about topics of most immediate relevance. Students will become aware of and understand the purpose of certain cultural conventions that operate in interpersonal communication', 0, 0, 'Students will study standards from those listed, up to a maximum of 21 credits. They need to be mindful of the minimum number of credits required from the subject which count toward entry to Level 2', 3),
(21, 'Mathematics - Level 1', '11', 'MAT', 'Approximately $36 for workbooks for each standard, scientific ca', 'null', 'This course gives the foundation for further studies in Mathematics and other subjects that require competence in Mathematics or Statistics. It equips students with knowledge and thinking skills needed to be an effective citizen.', 0, 0, 'null', 4),
(22, 'Mathematics Practical - Level 1', '11', 'MAP', '$25 for workbooks, scientific calculator ($25)', 'null', 'This course is designed for students who have often found mathematics difficult. It aims to give students the knowledge and skills needed to apply mathematics to everyday family and financial matters, learning, work and community tasks, social and leisure activities', 0, 0, 'All three numeracy unit standards (26623, 26626, 26627) must be achieved for the 10 credit minimum Level 1 numeracy requirement. AS 1.7 may not be done by some students while others may do an additional achievement standard', 4),
(23, 'Music - Level 1', '11', 'MUS', '$10 for course materials', 'Opportunity to attend and/or participate: Music Camp, Big Sing, ', 'Students will develop their skills through the performance, research and creation of music', 0, 0, 'Students may choose 4 extra credits at teacher discretion', 1),
(24, 'Nutrition and Food Technology - Level 1', '11', 'NFT', '$60 for ingredients and materials', 'null', 'This course involves both academic inquiry and development of practical food and nutrition skills related to personal and community health and well-being', 0, 0, 'null', 8),
(25, 'Physical Education - Level 1', '11', 'PED', '$50 for entry into community sports facilities, Aquathon transpo', '1 day athletics, 1 spell cross country, 2 spells fitness classes', 'Four spells per week (1 ? 2 classroom based theory lessons per week) to include: - Active participation in a variety of activities through personally working out and taking part in team sports and individual sports/games. - Examination of the structure of the body and how this relates to performance in specific activities ? anatomy, physiology and biomechanics. - Demonstration of quality movement through performing and evaluating their performance in an aquathon. - Demonstration of interpersonal skills through a focus on team games, evaluating social responsibility, team roles, skill development and game knowledge using the game ?Ultimate Frisbee', 0, 0, 'null', 5),
(26, 'Physical Education Practical - Level 1', '11', 'PEP', '$20 for entry into community sports facilities', 'Up to 2 days various activities, 1 day athletics, participation ', 'Four spells per week to include: - Active participation in a variety of activities including team sports and individual sports/games. - Active participation in Community based recreational facilities visited. - Demonstration of interpersonal skills through a focus on participating in all activities, working with and supporting other members of the class.', 0, 0, 'Opportunity will be provided where suitable for appropriate NCEA Achievement Standards and Unit Standards', 5),
(27, 'Science - General - Level 1', '11', 'SCI', '$30 (approximately) for workbooks', 'null', 'In 11SCI students learn how science works as a process to explore and explain how the universe works. This course covers concepts and themes from across all science strands to open a wide pathway for students through to further senior sciences. It also provides a sound foundation of science literacy and capability for students to apply to everyday life', 0, 0, 'null', 6),
(28, 'Science - Understanding - Level 1', '11', 'SCU', '$10 for resource booklets', 'null', 'This course provides a two-year pathway in science at Level 1. It provides a foundation of science literacy and capability for students to apply to everyday life by engaging them in practical situations through which they explore some of the key science ideas and concepts. The course is fully internally assessed using a range of Achievement Standards over a two year cycle. This course does not automatically lead on to Science courses at Level 2', 0, 0, 'The course is fully internally assessed using a range of Achievement Standards over a two year cycle. This course does not automatically lead on to Science courses at Level 2', 6),
(29, 'Science - Extension - Level 1', '11', 'SCX', '$30 (approximately) for workbooks, $35 External programs (CREST)', 'null', 'This course emphasises creativity, critical thinking and exploration and requires a high degree of student self-management. While covering the same general breadth as 11SCI, it aims to further develop students? investigative skills across a range of science areas through their engagement in individual research projects based on interest and opportunity.', 0, 0, 'Assessment opportunities will be negotiated from across the Science matrix, depending on individual student need', 6),
(30, 'Science - Strategies - Level 1', '11', 'SCS', '$30 (approximately) for workbooks', 'null', 'Science is a dynamic process we use to explore and explain how the world works. This course has a strong focus on literacy strategies and study skills. It provides a more supported approach to the learning of science concepts.', 0, 0, 'Students who succeed in 11SCS maintain a pathway to any of the Level 2 Science courses.', 6),
(31, 'Spanish - Level 1', '11', 'SPA', '$10 for class materials, $20 for Language Perfect subscription', 'null', 'Students will understand and produce a variety of text types in Spanish and use it to communicate beyond the immediate context about topics of most immediate relevance such as: - Personal Information - School - Daily routine - Family - Time expressions - Food and eating out - Describing people - Talking about future plans and the past - Spanish-speaking countries They will also understand ways in which the language and culture are organised for different purposes.', 0, 0, 'Students will study standards from those listed, up to a maximum of 21 credits. They need to be mindful of the minimum number of credits required from the subject which count toward entry to Level 2', 3),
(32, 'Supported Learning', '11', 'SPC', '$60 for SPEC books, portfolio set up and moderation/certificatio', 'null', 'Supported Learning is a course that is based around developing the student?s abilities in the Key Competencies. Students create an eportfolio using EDUCA that evidences what they have achieved and what they can do. They complete a wide range of activities at school, in the home and in the wider community. Students work on a programme that matches their abilities and interests. Senior Supported Learning students usually undertake one or two school based work experiences and possibly one in the wider community. Students in Supported Learning also have the opportunity to attain level one credits', 0, 0, 'Any or all of the following standards may be assessed', 0),
(33, 'Accounting - Level 2', '12', 'ACC', '$50 for workbooks', 'null', 'This course builds on the Level One study of accounting for small businesses. This includes processing financial information using MYOB computer accounting software, looking at accounting systems and preparing, and interpreting financial information', 0, 0, 'null', 7),
(34, 'Art - Level 2', '12', 'ART', '$40 for art materials, $20 -$60 for personal art equipment', 'null', 'The Level 2 course builds on skills gained in the Level one course and aims to provide students with a broad experience in a range of art fields; painting, design and sculpture. Students will work through the creative process in their practical work based on established art practice. Emphasis is placed on drawing processes where students are encouraged to explore ideas, analyse processes and techniques based on their individual response to a given context. The external standard gives students the opportunity to select one field of practice to extend their ideas in a two panel folio', 0, 0, 'Students will study standards from those listed, up to a maximum of 20 credits', 1),
(35, 'Art Photography - Level 2', '12', 'APH', '$40 for art materials, $20 -$60 for photographic paper and film,', '2 1/2 day Gallery visits', 'The Level 2 course builds on skills gained in the Level one course and aims to provide students with a broad experience in techniques, processes and ideas associated with established photographic practice. Students will work through the creative process in their practical work with emphasis on the drawing processes where students explore ideas, analyse processes and techniques based on their individual response to a given context. The external standard gives students the opportunity to select an area of personal interest to extend and develop this learning in a two panel folio', 0, 0, 'null', 1),
(36, 'Biology - Level 2', '12', 'BIO', '$40 (approximately) for workbooks. $15 (approximately) for field', '1 day Rocky Shore Study', 'Biology helps us understand the big picture of life on Earth. This course builds on Level 1 ideas about genetic variation by investigating the interconnectedness of all living things at the cellular, organism and ecosystem levels. Using an understanding of DNA and gene expression, we explore the way living things maintain their continuity through inheritance as well as undergoing evolutionary change', 0, 0, 'null', 6),
(37, 'Business Studies - Level 2', '12', 'BUS', '$35(approximately) for a workbook and topic summary notes', 'Visit to a local business', 'Have you ever considered starting your own business? This course looks at the internal and external operations of a business to develop understanding of the complex world they operate in. You will also learn theories about motivation and how a successful New Zealand business motivates their staff. A significant part of the year involves forming your own company to raise awareness and funds for the community organisation of your choosing', 0, 0, 'null', 7),
(38, 'Chemistry - Level 2', '12', 'CHE', '$35 (approximately) for Workbook', 'null', 'Chemistry helps us understand the chemical transformations happening everywhere around us. This course examines the structure and bonding within and between substances to help explain their behaviour and reactivity. It explores some of the patterns in organic and aqueous chemistry that underpin the living world, and uses qualitative observations as well as quantitative calculations to analyse practical chemistry situations that relate to everyday life', 0, 0, 'Students will study standards from those listed, up to a maximum of 21 credits', 6),
(39, 'Chinese - Level 2', '12', 'CHI', '$10 for class materials, $20 for Language Perfect subscription', 'null', 'At this level students will use language to express and justify their own ideas and opinions, and support or challenge those of others. They will be able to use and identify the linguistic and cultural forms that guide interpretation and enable them to respond critically to texts in selected linguistic and sociocultural contexts such as: - Leisure activities - Future plans - Media - Education - Travel - Past events', 0, 0, 'Students will study standards from those listed, up to a maximum of 21 credits. They need to be mindful of the minimum number of credits required from the subject which count toward entry to Level 3', 3),
(40, 'Classical Studies - Level 2', '12', 'CLS', '$8 for course materials. Drama performances (subject to availabi', 'Classical Studies Trip to Greece & Italy is being planned for Ap', 'Classical Studies is a subject in which students learn about the literature, art, history, religion and culture of Ancient Greece and Rome. We study the people, places and events of the classical world and how they have influenced the modern world. There is a skills focus on analytical and formal writing and on research.', 0, 0, 'Students are encouraged to take only one of these two standards for exam preparation, making a total of 20 credits. The availability of 5 standards is to allow student choice', 7),
(41, 'Curriculum Based Learning', '12', 'CBL', '$20', 'null', 'This course is designed for students for whom English is a new language. It gives students extra support to manage the language demands of Level 2 Mathematics. It is tailored to suit the needs of the students', 0, 0, 'null', 0),
(42, 'Dance - Level 2', '12', 'DAN', 'null', 'null', 'A senior dance class with the option of half year/full year. Standards will be chosen from Levels 1-3 based on individual and group interest and needs. This course would suit senior students interested in dance and interested in choreography', 0, 0, 'null', 1),
(43, 'Design Technology - Level 2', '12', 'DTE', '$100 for material costs', 'null', 'This course further develops the skills and knowledge obtained in Year 11 Design Technology. It is aimed at those students who are interested in pursuing a career in the design and creative industries or for those that enjoy to design and make as a creative outlet. A study of sustainable design and more advanced design and construction skills are included at this level. Students will complete two practical assignments with supporting research and design work:', 0, 0, '', 8),
(44, 'Digital Technologies Computer Science and Programming - Level 2', '12', 'DTC', '$5 for printer balance. 4GB or larger USB stick', 'null', 'This course develops advanced understanding of concepts in Computer Science and techniques to plan and implement advanced programs. These concepts and techniques underpin further study in Computer Science', 0, 0, 'null', 8),
(45, 'Digital Technologies Media - Level 2', '12', 'DTM', '$5 for printer balance. 4GB or larger USB stick', '2 day STAR course at Yoobee on complex PHP and MYSQL', 'This course develops advanced understanding of tools, techniques and concepts in Digital Media and Information. These advanced concepts and techniques underpin further study in Digital Technologies - Media', 0, 0, 'null', 8),
(46, 'Drama - Level 2', '12', 'DRA', '$30 for production costs. Contribution to cover the cost of your', '1 day rehearsal', 'The level 2 course builds upon the skills and competencies learned in the level one course. Level 2 drama offers 18 credits (those wishing to gain a course endorsement are able to take an external standard as extension learning). This course provides a collaborative environment where students are encouraged to take risks and stretch their creative thinking. There is a focus on pushing performance skills through the exploration of dramatic action', 0, 0, 'All internal standards are performances. Further assessment opportunities will only be available under exceptional circumstances', 1),
(47, 'Earth and Space Science - Level 2', '12', 'ESS', 'Workbook $28. Possible local field trip, approximately $30', '1 Day Carter Observatory', 'Earth is the only planet we know of (so far!) to have abundant and complex life. Students in 12ESS will learn about the formation of the Earth and the Solar System, as well as how processes in the solid Earth cause earthquakes, volcanoes and tsunami. Students will critically evaluate scientific information presented to the general public and how it applies to current issues in Earth and Space Science. 12ESS is ideal for students wishing to incorporate a science into their studies in areas such as Geography or Media Studies, or as a useful addition to any other science course', 0, 0, 'null', 6),
(48, 'Economics - Level 2', '12', 'ECO', '$35 (approximately) for workbook', '1/2 day trip to Reserve Bank of New Zealand and Treasury, Budget', 'This is a study of Macroeconomics. Big economic issues that affect the entire economy including: Inflation, Exchange Rates, International Trade, Economic Growth, Unemployment & Inequality. Students will gain a better understanding of key economic statistics used to measure the economy, government economic policies as well as an understanding of New Zealand''s current economic situation', 0, 0, 'AS91403 ECO 3.5 will be optional', 7),
(49, 'Electronics - Level 2', '12', 'ELT', '$30 for workbook', 'null', 'This Industry Training Organisation course covers the basic electronic concepts, components and systems. Students develop skills from measurement and analysis to design and construction of functioning devices', 0, 0, 'null', 6),
(50, 'English - Level 2', '12', 'ENG', '$15 for work booklets.', 'null', 'This course is designed to enable students to develop and apply clear communication skills in all aspects of literacy including written, visual and oral language. There is a focus on analysis of literature', 0, 0, 'Courses will be constructed from the following standards, totalling a maximum of 18-21 credits', 2),
(51, 'English Language', '12', 'ELS', '$20 & Bilingual dictionary', 'null', 'This course is for new speakers of English who are at an English Language Learning Progressions (ELLP) stage of Foundation to Stage 1. The course aims to improve overall language proficiency in reading, writing, listening and speaking, complemented by an extensive vocabulary programme', 0, 0, 'null', 2),
(52, 'English Language', '12', 'ELA', '$20 & Bilingual dictionary', 'null', 'This course provides the NCEA level 1 literacy requirements to students at English Language Learning Progressions (ELLP) stages 2 ? 3. Reading, writing, listening and speaking skills are taught but there is a strong emphasis on the techniques of academic reading and writing. An academic vocabulary acquisition programme is also provided', 0, 0, 'null', 2),
(53, 'Fashion and Design - Level 2', '12', 'FDE', '$40 for course fees and trial fabric. You will be required to bu', 'null', 'This course further develops skills and knowledge for students who are interested in Fashion or Design as a career path or for those who love to design and sew. A study of fashion history, more advanced construction skills and illustration techniques are included at this level. Students will complete two major practical assignments and one minor assignment with supporting research and design work', 0, 0, 'Due to the nature of the Technology assessment matrix, some standards are also in use in other Technology subjects', 8),
(54, 'French - Level 2', '12', 'FRE', '$10 for class materials, $20 for Language Perfect subscription', 'null', 'At this level students will use language to express and justify their own ideas and opinions, and support or challenge those of others. They will be able to use and identify the linguistic and cultural forms that guide interpretation and enable them to respond critically to texts in selected linguistic and sociocultural contexts such as: - Relationships - Education - Future plans - Travel - Leisure Activities - Past events', 0, 0, 'Students will study standards from those listed, up to a maximum of 21 credits. They need to be mindful of the minimum number of credits required from the subject which count toward entry to Level 3', 3),
(55, 'Gateway', '12', 'GTW', 'null', 'null', 'The Gateway Programme is a structured work-based learning programme open to all Year 12 and 13 aimed to give students a taster of a career pathway through work experience. You will have an IEP designed for you that includes industry credits and spend one day a week for a minimum of one term at a work placement in an industry of your choice e.g. Childcare / Hospitality / Automotive / Building / Beauty Therapy / Horticulture / Restaurant Service / Barista / Audio and Sound Engineering / Retail. Students need to be able to manage their inschool programme with their work experience and workplace preparation courses and will need to catch up on school work.', 0, 0, 'null', 0),
(56, 'Geography - Level 2', '12', 'GEO', '$20 (approximately) for fieldtrips', '1 day trip', 'Continuing on from Level One, this course further explores the ideas and skills taught in the previous year. The Level 2 course seeks to provide further exploration into the study of human interaction with society and the environment. Topics could include: Crime in Chicago, Off-shore mining and Slum communities', 0, 0, 'null', 7),
(57, 'Graphics (Design and Visual Communication) - Level 2', '12', 'GRA', 'Stationery as required', 'null', 'Students will work on two in-depth design briefs in the area of product and spatial design. The briefs present creative and stimulating design challenges. Students develop their practice based on designing, visual communication skills, techniques and research into design heritage. The work done in these briefs contributes to the internally assessed standards and externally assessed standards by portfolio', 0, 0, 'null', 8),
(58, 'History - Level 2', '12', 'HIS', 'null', 'null', 'This course aims to develop students? understanding of key developments in history and to develop the key skills of: - Historical investigation. - Historical communication - Understanding different perspectives - Essay writing - Resource interpretation', 0, 0, 'null', 7),
(59, 'Japanese - Level 2', '12', 'JAP', '$10 for Kanji book, $10 for work materials, $20 for Language Per', 'Japanese Speech Competition', 'At this level students will use language to express and justify their own ideas and opinions, and support or challenge those of others. They will be able to use and identify the linguistic and cultural forms that guide interpretation and enable them to respond critically to texts in selected linguistic and sociocultural contexts such as: - Family life - Eating and drinking - Leisure activities - The Japanese school system. Students will learn to read and write 150 Kanji', 0, 0, 'null', 3),
(60, 'Te Reo Maori - Level 2', '12', 'MRI', '$20 for Resources', 'null', 'Students will progress to confidently understand, read, write and communicate orally in te reo M?ori about different topics. Students will participate using their knowledge of certain cultural practices used in M?ori social contexts.', 0, 0, 'null', 3),
(61, 'Mathematics and Statistics - Level 2', '12', 'MAS', 'Approximately $45 for workbooks for each standard, Graphics calc', 'null', 'This course is not as rigorous as the 12MAT course, but still provides a pathway to students to continue the study of Mathematics and Statistics in year 13 (13MAS course). It does not provide the background needed for the Level 3 Calculus course', 0, 0, 'null', 4),
(62, 'Mathematics - Level 2', '12', 'MAT', 'Approximately $40 for workbooks for each standard, Graphics Calc', 'null', 'This course provides the core Mathematics and Statistics needed for the continuing study of either subject at NCEA Level 3 and university. Some additional topics will be covered that are not listed under the standards below, Including a full unit on Statistics at Level 7 of the New Zealand Curriculum', 0, 0, 'null', 4),
(63, 'Media Studies - Level 2', '12', 'MED', '$20 for course materials', 'null', 'Media Studies is about the active exploration, analysis, creation and enjoyment of the media and its products. The course examines the dynamic role of the media in society, how messages are constructed in regard to individuals, communities and cultures and how media products are produced, controlled and distributed. Through Media Studies, students gain the knowledge and skills to conceive, plan, design and produce media products. (Journalism and Film)', 0, 0, 'null', 2),
(64, 'Music - Level 2', '12', 'MUS', '$10 for course materials', 'Opportunity to attend and/or participate: Music Camp, Big Sing, ', 'Students will expand and enhance their skills through the performance, research and creation of music. Students also have the opportunity to self-select up to an 8 further credits at teacher discretion, some activities from outside of school may be eligible', 0, 0, 'null', 1),
(65, 'Nutrition and Food Technology - Level 2', '12', 'NFT', '$65 for ingredients and materials', 'null', 'This course involves both academic inquiry and development of practical food and nutrition skills related to personal and community health and societal well-being', 0, 0, 'null', 8),
(66, 'Physical Education - Level 2', '12', 'PED', '$320 course costs, including kayaking trip', '3 days kayaking, 1/2 day harbour practice for kayaking, 1 day sc', 'Four spells per week (two practical and two classroom based theory lesson) to include: - Active participation in a specific activity (kayaking) developing the basic skills to enable successful performance in a specific setting. - Examination of the structure of the body and how this relates to performance in the development of physical skills and fitness - anatomy, physiology and biomechanics. - Demonstration of understanding of steps involved in planning and carrying out an outdoor activity ? including risk management. - Examination of the importance of quality, regular physical activity in the lives of young people, both in their local community and in New Zealand as a whole', 0, 0, 'null', 5),
(67, 'Physics - Level 2', '12', 'PHX', 'Approx $30 for workbook', 'null', 'Physics explains how the world works. This course investigates the basic principles that underpin how the universe behaves ? from the very big to the very small. Physics is typically required for university Physical Sciences, Engineering, Medical Sciences, Architecture, etc', 0, 0, 'null', 6),
(68, 'Spanish - Level 2', '12', 'SPA', '$10 for class materials, $20 for Language Perfect subscription', 'null', 'At this level students will use language to express and justify their own ideas and opinions, and support or challenge those of others. They will be able to use and identify the linguistic and cultural forms that guide interpretation and enable them to respond critically to texts in selected linguistic and sociocultural contexts such as: - Young people - Spanish sports/leisure time - Food and health - Media - Regions of Spain - Spanish festivals - Future plans - The environment', 0, 0, 'Students will study standards from those listed, up to a maximum of 21 credits. They need to be mindful of the minimum number of credits required from the subject which count toward entry to Level 3', 3),
(69, 'Tourism - Level 2', '12', 'TOU', '$20 (approximately) for field trip', '1 day field trip', 'Tourism provides students the opportunities to study the impacts of tourism on both natural and cultural environments. Students will learn about the tourism industry as a business and the marketing of its products and how tourism is a social and cultural activity. Topics may include: New Zealand regions and tourism activities in those areas, Business practices and the principles/practices of tourism development, the origins of tourism and the development of it over time and specific global tourist areas and the tourism activities within the area', 0, 0, 'null', 7),
(70, 'Transition', '12', 'TRA', 'null', 'Varies depending on STAR Taster courses', 'This course offers a range of Level 1 and 2 Unit Standards plus a range of short courses and certificates that are aimed to assist students in their transition out of school for employment or tertiary courses. Included are Health and Safety course, first aid course, Learner Drivers Licence theory modules and financial literacy seminars', 0, 0, 'null', 0),
(71, 'Cafe Cuisine', '12', 'FCC', '$60 for some ingredients and classroom materials', 'null', 'This course aims to provide students with practical skills and knowledge to provide safe, nutritious food. Students will experience the preparation of a wide variety of foods with an emphasis on Caf? style dishes to develop creativity and individual flair Students have the opportunity of completing a six day course in the Introduction to Coffee Making. They will be able to gain 8 credits at Level 2 and 3 credits at Level 3', 0, 1, 'null', 8),
(72, 'Cafe Cuisine', '12', 'FCF', '$60 for some ingredients and classroom materials', 'null', 'This course aims to provide students with practical skills and knowledge to provide safe, nutritious food. Students will experience the preparation of a wide variety of foods with an emphasis on Caf? style dishes to develop creativity and individual flair Students have the opportunity of completing a six day course in the Introduction to Coffee Making. They will be able to gain 8 credits at Level 2 and 3 credits at Level 3', 0, 2, 'null', 8),
(73, 'Set and Prop Design Technology - Level 2/3', '12', 'DSP', '$50 for material costs', 'Weta Workshops in Miramar, Wellington', 'This course is a robust and creative problem solving course that gives students the opportunity to develop high level practical skills that will contribute towards a portfolio. The course consists of two assignments which involve; designing, developing, making and display for presentation and performance', 0, 1, 'null', 1),
(74, 'Electronics - Level 2', '12', 'ELZ', '$30 for workbook', 'null', 'This Industry Training Organisation course covers the basic electronic concepts, components and systems. Students develop skills from measurement and analysis to design and construction of functioning devices. The focus for the half year will be on individual components and designing and constructing circuits. If all three standards are completed the students are eligible for the Skills Organisation Certificate of Attainment', 0, 1, 'null', 6),
(75, 'Geography - Level 2', '12', 'GEY', 'null', 'null', 'Continuing on from Level One, this course further explores the ideas and skills taught in the previous year. The Level 2 course seeks to provide further exploration into the study of human interaction with society and the environment. Topics could include: Crime in Chicago, Off-shore mining and Slum communities', 0, 1, 'You will assessed on Two - Three of the following standards, depending on which half of the year you are in class', 7),
(76, 'Geography - Level 2', '12', 'GEZ', 'null', 'null', 'Continuing on from Level One, this course further explores the ideas and skills taught in the previous year. The Level 2 course seeks to provide further exploration into the study of human interaction with society and the environment. Topics could include: Crime in Chicago, Off-shore mining and Slum communities', 0, 2, 'You will assessed on Two - Three of the following standards, depending on which half of the year you are in class', 7),
(77, 'History - Level 2', '12', 'HIY', 'null', 'null', 'This course aims to develop students? understanding of key developments in history and to develop the key skills of: - Historical investigation. - Historical communication - Understanding different perspectives - Essay writing - Resource interpretation', 0, 1, 'null', 7),
(78, 'History - Level 2', '12', 'HIZ', 'null', 'null', 'This course aims to develop students? understanding of key developments in history and to develop the key skills of: - Historical investigation. - Historical communication - Understanding different perspectives - Essay writing - Resource interpretation', 0, 2, 'null', 7),
(79, 'Information Technology - Level 1/2/3', '12', 'INT', '$5 for printer balance. 4GB or larger USB stick', 'null', 'This course focuses on developing students knowledge of, and skills in, the use of information and communication technologies. This course enables students to work on individualised programmes in areas such as: - Word processing - File Management - Spreadsheets - Databases - Touch typing - PowerPoint (presentations) - Desktop Publishing', 0, 1, 'Students who are admitted to this course will discuss an appropriate learning programme with the subject leader. NCEA Unit Standards may be available in some topics', 8),
(80, 'Information Technology - Level 1/2/3', '12', 'ITN', '$5 for printer balance. 4GB or larger USB stick', 'null', 'This course focuses on developing students? knowledge of, and skills in, the use of information and communication technologies. This course enables students to work on individualised programmes in areas such as: - Word processing - File Management - Spreadsheets - Databases - Touch typing - PowerPoint (presentations) - Desktop Publishing', 0, 2, 'Students who are admitted to this course will discuss an appropriate learning programme with the subject leader. NCEA Unit Standards may be available in some topics', 8),
(81, 'Mathematics Practical 2', '12', 'MAP', '$18 for workbooks for each standard', 'null', 'This course continues to develop the numeracy and statistical literacy skills of the year 11 Practical Mathematics 1 course, giving students the knowledge and skills needed to apply mathematics to everyday family and financial matters, learning, work and community tasks, social and leisure activities', 0, 1, 'null', 4),
(82, 'Mathematics Practical 2', '12', 'MAQ', '$18 for workbooks for each standard', 'null', 'This course continues to develop the numeracy and statistical literacy skills of the year 11 Practical Mathematics 1 course, giving students the knowledge and skills needed to apply mathematics to everyday family and financial matters, learning, work and community tasks, social and leisure activities', 0, 2, 'null', 4),
(83, 'New Zealand Studies', '12', 'NZS', 'null', 'null', 'This has been developed to provide a special interest half year course for international students. The students will have a good working knowledge of English (at least English Language Learning Progressions ELLP stage 3) and will be required to produce written work at that standard. Topics have been chosen to give students a well-rounded knowledge of New Zealand and its history, people, geography and literature. There will be summative assessment tasks such as written reports, speeches and other types of presentations', 0, 1, '', 7),
(84, 'Outdoor Education - Level 2', '12', 'OED', '$200 for 1st half year', '2 days camp and high ropes course', 'Four spells per week -(two practical and two classroom based theory lesson) to develop skills in an outdoor setting. Students will be provided the opportunity to experience a range of Outdoor Pursuits which will be selected from: sailing, high ropes course, rock climbing, camping', 0, 1, 'There is an optional standard in Education for Sustainability - AS90810 2.1 Undertake a personal action', 5),
(85, 'Outdoor Education - Level 2', '12', 'ODE', '$150 for 2nd half year', '2 days camp and high ropes course', 'Four spells per week -(two practical and two classroom based theory lesson) to develop skills in an outdoor setting. Students will be provided the opportunity to experience a range of Outdoor Pursuits which will be selected from: high ropes course, mountain biking, tramping, kayak roll', 0, 2, 'There is an optional standard in Education for Sustainability - AS90810 2.1 Undertake a personal action', 5),
(86, 'Performance Production Process', '12', 'PAP', 'null', '2 days rehearsal and performance / possibility of field trips', 'Developing the production skills required to mount Stage Challenge/an internal Onslow production in alternative years - Event Management and Budgeting - Choreography - Costume, Sound, Set Design and Backstage - Directing', 0, 1, 'null', 1),
(87, 'Supported Learning', '12', 'SPY', '$60 for SPEC books, portfolio set up and moderation/certificatio', 'null', 'Supported Learning is a course that is based around developing the student?s abilities in the Key Competencies. Students create an eportfolio using EDUCA that evidences what they have achieved and what they can do. They complete a wide range of activities at school, in the home and in the wider community. Students work on a programme that matches their abilities and interests. Senior Supported Learning students usually undertake one or two school based work experiences and possibly one in the wider community. Students in Supported Learning also have the opportunity to attain level one credits', 0, 1, 'null', 0),
(88, 'Supported Learning', '12', 'SPZ', '$60 for SPEC books, portfolio set up and moderation/certificatio', 'null', 'Supported Learning is a course that is based around developing the student?s abilities in the Key Competencies. Students create an eportfolio using EDUCA that evidences what they have achieved and what they can do. They complete a wide range of activities at school, in the home and in the wider community. Students work on a programme that matches their abilities and interests. Senior Supported Learning students usually undertake one or two school based work experiences and possibly one in the wider community. Students in Supported Learning also have the opportunity to attain level one credits', 0, 2, 'null', 0),
(89, 'Sewing 101 - Level 1/2/3', '12', 'TSL', '$25 for course fees and trial fabric. You will also be required ', 'null', 'This course offers a variety of opportunities to meet different student needs: (a) A bridging course for students who want to enter a senior fashion and design course at L2 and L3 but do not meet the prerequisites (b) A course for students to further their garment construction skills (c) An inquiry based course for students wanting to learn how to sew and design garments', 0, 1, 'opportunities available are dependent on student?s previous experience', 8),
(90, 'Fashion Studio - Level 1/2/3', '12', 'TFP', '$25 materials & trial fabric. You will also be required to buy e', 'null', 'Fashion studio will provide the space for experienced students to extend their knowledge and perhaps support their NCEA Fashion course. New students to sewing will have the opportunity to: - Have fun and make a fashion statement - Make items of their own choice - Learn how to use a variety of sewing equipment - Learn how to make sense of a commercial pattern - Expand their practical skills', 0, 2, 'opportunities available are dependent on student?s previous experience', 8),
(91, 'Trade Skills 101 - Level 2/3', '12', 'TSK', '$50 for material costs', 'null', 'The course is intended for students who are considering a future in construction trade based occupations. The emphasis is on providing students with a variety of relevant construction skills in areas of engineering and furniture making while developing safe workplace practice', 0, 2, 'Students can choose to do any of the following standards at any time during the course', 7);
INSERT INTO `courses` (`course_id`, `name`, `level`, `code`, `contribution`, `eotc`, `info`, `ue`, `half`, `credit_info`, `la_id`) VALUES
(92, 'Tourism - Level 2', '12', 'TOY', '$20 (approximately) for field trip', '1 day field trip', 'Tourism provides students the opportunities to study the impacts of tourism on both natural and cultural environments. Students will learn about the tourism industry as a business and the marketing of its products and how tourism is a social and cultural activity. Topics may include: New Zealand regions and tourism activities in those areas, Business practices and the principles/practices of tourism development, the origins of tourism and the development of it over time and specific global tourist areas and the tourism activities within the area', 0, 1, 'Students will be assessed on a Two to Four of the following standards, depending on which half of the year they are in class', 7),
(93, 'Tourism - Level 2', '12', 'TOZ', '$20 (approximately) for field trip', '1 day field trip', 'Tourism provides students the opportunities to study the impacts of tourism on both natural and cultural environments. Students will learn about the tourism industry as a business and the marketing of its products and how tourism is a social and cultural activity. Topics may include: New Zealand regions and tourism activities in those areas, Business practices and the principles/practices of tourism development, the origins of tourism and the development of it over time and specific global tourist areas and the tourism activities within the area', 0, 2, 'Students will be assessed on a Two to Four of the following standards, depending on which half of the year they are in class', 7),
(94, 'Accounting - Level 3', '13', 'ACC', '$50 for workbooks', 'null', 'This course builds on Level One and Level Two Accounting. This includes accounting for partnerships and companies, as well as manufacturing businesses in a job costing context', 0, 0, '? Students will study standards from those listed, up to a maximum of 21 credits', 7),
(95, 'Art Design - Level 2', '13', 'ADE', '$40 for art materials, plus $20 -$60 for purchase of personal ar', 'null', 'The Level 3 course builds on skills gained in the Level two while providing students with the opportunity to apply their learning to work within the field of design. This course is structured around the completion of three achievement standards. The first two achievement standards are designed to provide a foundation for the transition into the larger folio achievement standard. Students will work through the creative process in their practical work based on established art practice. Emphasis is placed on drawing processes where students are encouraged to explore ideas, analyse processes and techniques based on their individual response to a given context', 1, 0, 'null', 1),
(96, 'Art Painting - Level 3', '13', 'APA', '$40 for art materials, plus $20 -$60 for purchase of personal ar', '2 1/2 day gallery visits', 'The Level 3 course builds on skills gained in the Level 2 course and aims to provide students with the opportunity to choose and explore a specific genre of painting. Students will work through the creative process in their practical work based on established art practice. Emphasis is placed on drawing processes where students are encouraged to explore ideas, analyse processes and techniques based on their individual response to a given context. The external standard gives students the opportunity to extend their ideas and practise in a three panel folio', 1, 0, 'null', 1),
(97, 'Art Photography - Level 3', '13', 'APH', '$40 for materials, camera (manual single lens reflex)', '2 1/2 day gallery visits', 'The Level 3 course builds on skills gained in the Level 2 Photography course and aims to provide students with the opportunity to choose and explore a specific genre of photography. Students will work through the creative process in their practical work based on established art practice. Emphasis is placed on drawing processes where students are encouraged to explore ideas, analyse processes and techniques based on their individual response to a given context. The external standard gives students the opportunity to extend their ideas and practise in a three panel folio', 1, 0, 'null', 1),
(98, 'Art History - Level 3', '13', 'AHI', '$10 (approximately) for exhibition visits', '1/2 day gallery visits', 'The level 3 Art History program has been structured to provide students with a broad understanding of developments in western art history. This program includes the study of renaissance art, early abstraction in Europe and developments in American art post 1945. Students will have the opportunity to gain 20 credits in 6 achievement standards. Three of these achievement standards are internal and the remaining 3 standards are assessed in the end of year exam', 1, 0, 'Students will study standards from those listed up to a maximum of 20 credits', 1),
(99, 'Biology - Level 3', '13', 'BIO', '$35 for workbooks. $90 (approximately) for field trips', '2 days Otari Reserve/Zealandia and overnight zoo trip', 'Level 3 Biology explores the interactions and behaviours of organisms in response to both their external and internal environments. We study the evolutionary mechanisms that contribute to biodiversity and the ways humans use this knowledge for our benefit. We also examine and evaluate current scientific evidence for our own evolution. Level 3 Biology opens up many career opportunities and is at the heart of many social and economic issues', 1, 0, 'null', 6),
(100, 'Business Studies - Level 3', '13', 'BUS', '$35, Business Studies Workbook $25', 'Training workshops x 3, Business market days', ': As a continuation from Level 2 business, this course builds upon knowledge of mid-size organisations and the practical experiences from the past year. The focus in Year 13 Business Studies is put upon larger global businesses and conglomerates. This focus investigates the management and long term strategy whilst understanding the complex external pressures upon business organisations in global market places. The practical element is enhanced with an emphasis upon diversification of the students? business enterprises using their previous business model from Level 2 or developing a new idea. The practical element is further enhanced by working alongside Young Enterprise Scheme business consultants to guide students through the practical experience of establishing and running a business enterprise', 1, 0, 'null', 7),
(101, 'Chemistry - Level 3', '13', 'CHE', '$35 (approximately) for Workbook', 'null', 'Chemists interpret the world from an atomic and molecular perspective. This course builds on Level 2 ideas about structure, bonding, energy, reactivity and organic chemistry and explores new areas such as spectroscopy and redox. Level 3 Chemistry opens up a wide variety of career opportunities from health and food technology to engineering and environmental science', 1, 0, 'null', 6),
(102, 'Chinese - Level 3', '13', 'CHI', 'null', 'null', 'This level 3 course builds on the knowledge and skills that students gained in level 2. Students will develop their ability to communicate about topics of wider relevance such as land and people, tourism, career and lifestyle. They will learn to debate opinions and increase understanding and knowledge of Chinese culture', 1, 0, 'Students will study standards from those listed, up to a maximum of 24 credits. They need to be mindful of the minimum number of credits required from the subject which count toward entry to University', 3),
(103, 'Classical Studies - Level 3', '13', 'CLS', '$18 for course materials including Trip to Victoria University a', 'Half day trip to Victoria University Classics Department to view', 'Classical Studies is a subject in which students learn about the literature, arts, history, religion and culture of Ancient Greece and Rome. We study the people, places and events of the classical world and how they have influenced the modern world. There is a skills focus on analytical and formal writing and on research', 1, 0, 'Students will study standards from those listed, up to a maximum of 22 credits', 7),
(104, 'Curriculum Based Learning', '13', 'CBL', '$20', 'null', 'This course is designed for students for whom English is a second language. It gives students extra support to manage the language demands of Level 3 Mathematics. It is tailored to suit the needs of the students', 0, 0, 'null', 0),
(105, 'Dance - Level 3', '13', 'DAN', 'null', 'null', 'A senior dance class with the option of half year/full year. Standards will be chosen from Levels 1-3 based on individual and group interest and needs. This course would suit senior students interested in dance and interested in choreography', 1, 0, 'null', 1),
(106, 'Design Technology - Level 3', '13', 'DTE', '$100 for material costs', 'null', 'This course further develops the skills and knowledge obtained in Year 12 Design Technology. It is aimed at those students who are interested in pursuing a career in the design and creative industries or for those that enjoy to design and make as a creative outlet. A study of material development and more advanced design and construction skills are included at this level. Students will complete two practical assignments with supporting research and design work', 1, 0, 'Students will study standards from those listed, up to a maximum of 21 credits. 91627 (external) is optional', 8),
(107, 'Digital Technologies Computer Science and Programming - Level 3', '13', 'DTC', '$5 for printer balance. 4GB or larger USB stick', 'null', 'This course develops advanced understanding of complex concepts in Computer Science, and enables students to apply software engineering techniques to plan, prototype, implement and test complex computer programs. This course will prepare students for a career in Computer Science or Software Engineering following further study at a University, or other Tertiary Institution', 1, 0, 'null', 8),
(108, 'Digital Technologies Media - Level 3', '13', 'DTM', '$5 for printer balance. 4GB or larger USB stick', '2 day STAR course at Yoobee on complex PHP and MYSQL', 'This course develops advanced understanding of complex tools, techniques and concepts in Digital Media and Information. This course will prepare students for a career in applied Digital Technology with a media design component, such as web development and animation, following further study at a University, or other Tertiary Institution', 1, 0, 'null', 8),
(109, 'Drama - Level 3', '13', 'DRA', '$30 for production costs. Contribution to cover the cost of your', '1 day rehearsal', 'The level 3 course builds upon the skills and competencies learned in the level one and two courses. This course offers 4 internally assessed standards equating to 18 credits. We also offer a scholarship exam as extension learning. This course provides a collegial yet challenging environment where students are encouraged to extend themselves and push their creative limits. There is a focus on pushing performance and reflective skills through the use of intensive workshops', 1, 0, 'All assessments are performances with a written component. Further assessment opportunities are only available under exceptional circumstances', 1),
(110, 'Earth and Spae Science - Level 3', '13', 'ESS', 'Possible local field trip $30 (approximately) for Workbook', '1 day Victoria University of Wellington', 'Level 3 ESS is ideal for students who have an interest in Earth Science (with some Space Science) and /or Environmental Science. It is a compliment to many other courses, such as Geography, English, Mathematics and any of the other Sciences. Students will learn about the dynamic relationships between our planet?s land, ocean and atmospheric systems and their influence on our climate. If a potential career in resource and environmental management, planning, mining, conservation, geology, geography, journalism, meteorology, marine science or law sounds like your thing, then this course is very useful', 1, 0, 'null', 6),
(111, 'Economics - Level 3', '13', 'ECO', '$35 for Workbook', '1/2 day trip to Victoria University for Govt Minister presentati', 'Level 3 Economics is the science of business. It covers the economic theory of capitalism as well as situations of market failure that required government intervention such as pollution control and managing inequality. Macroeconomics is also offered but not taught specifically as part of the program. Revision tutorials are offered in term 3 for interested students and scholarship. Economics has a scholarship program via Canterbury University as well as tutorials by arrangement with the subject leader. Students interested in scholarship should indicate this at course selection or by course confirmation. Entry is subject to Subject Leader Discretion and meeting Canterbury University Entry Requirements', 1, 0, 'Students will study standards from those listed, up to a maximum of 21 credits. Standard 91403 is optional, offered not taught. Students are to choose 2 external standards', 7),
(112, 'English - Level 3', '13', 'ENG', '$15 for work booklets', 'null', 'The course aims to strengthen, extend and refine the skills you have gained in English over the previous four years. You will engage critically with texts, build your vocabulary, write with more precision and consideration, read more widely, and grapple with increasingly complex ideas', 1, 0, 'The important difference from Year 12 English is that you will be able to choose your own assessment pathway based on your skills and interests. You will study a range of texts, both written and visual, and then complete the standards that you have selected. Each course will be between 18-21 credits and teachers will support students in making good decisions around their selections.', 2),
(113, 'English Language', '13', 'ELA', '$20 & Bilingual dictionary', 'null', 'This course provides the NCEA level 2 literacy requirements for tertiary study in New Zealand for Year 12 and 13 students who are working towards a level of English at English Language Learning Progressions ( ELLP) stages 3- 4. The skills of reading, writing, listening and speaking will be taught, with a strong emphasis on the techniques of academic reading and writing', 0, 0, '91102 may be assessed depending on student credit requirements', 2),
(114, 'Fashion and Design - Level 3', '13', 'FDE', '$40 for course fees and trial fabric. You will also be required ', 'null', 'n this course students will complete three practical projects. 1. Explore and Create: Developing Digital fabric prints and applied textile design features eg: laser cutting and machine embellishment. 2. A Point of Difference: Developing an outfit for a NZ design competition, showcasing imaginative designs and complex construction skills. 3. Pattern Architect: Become a fashion designer by creating a pattern from scratch for your design concept. These three projects build skills and knowledge to support a smooth transition into fashion, textiles and /or design courses at universities and other tertiary providers', 1, 0, 'null', 8),
(115, 'French - Level 3', '13', 'FRE', '$10 for class materials, $20 for Language Perfect subscription', 'null', 'The level 3 French course builds on the knowledge and skills that students gained in year 12. Students will study topical issues such as the environmental, social exclusion and immigration, as well as French and French-speaking culture. They will develop their ability to express ideas and opinions in French and to explore and challenge the views of others', 1, 0, 'Students will study standards from those listed, up to a maximum of 21 credits. They need to be mindful of the minimum number of credits required from the subject to count toward UE', 3),
(116, 'Geography - Level 3', '13', 'GEO', '$500 (approximately) for Rotorua field trips', '4 day trip to Rotorua', 'The students will study topics in a variety of settings. These will include an analysis of the Newtown Festival, Rotorua Tourism and Human Trafficking. There is also the opportunity to study an issue of the students? choice', 1, 0, 'null', 7),
(117, 'Graphics (Design and Visual Communication) - Level 3', '13', 'GRA', 'Stationery as required', 'null', 'Students will be challenged by advanced briefs requiring ideation, highly evolved thinking and design solutions and presentation. Emphasis will be put on visual and written communication of design ideas. The two major design briefs will draw from the following contexts: - Spatial design - Product design Work from either or both design briefs will be presented as an end of year exhibition. Selected students may be offered the opportunity to enter Scholarship', 1, 0, 'Students will choose and complete 2 of the 3 internal assessments', 8),
(118, 'History - Level 3', '13', 'HIS', 'null', 'null', 'This course looks at the forces and events which shaped the British Empire. This will include an extended case study comparing the experience of 19th Century New Zealand with other examples of colonisation. The course aims to develop students understanding of the skills and methodologies of historians', 1, 0, 'null', 7),
(119, 'Japanese - Level 3', '13', 'JAP', '$10 for Kanji Book, $10 for Level 3 work materials, $20 for Lang', 'Japanese Speech Competition', 'At this level students will use language to express and justify their own ideas and opinions, and support or challenge those of others. They will be able to use and identify the linguistic and cultural forms that guide interpretation and enable them to respond critically to texts in selected linguistic and sociocultural contexts such as: - Land and people - Travel and tourism - Communication and media - Japan at work Students will learn to read and write 200 Kanji', 1, 0, 'Students will study standards from those listed, up to a maximum of 21 credits. They need to be mindful of the minimum number of credits required from the subject to count toward UE', 3),
(120, 'Te Reo Maori - Level 3', '13', 'MRI', '$20 for Resources', 'null', 'Course Description Students will confidently understand, read, write and communicate in te reo M?ori to express and justify their own opinions on a wide range of ideas and topics. Students will participate confidently in leading roles of certain cultural practices in M?ori social contexts', 1, 0, 'Students will study standards from those listed, up to a maximum of 24 credits. They need to be mindful of the minimum number of credits required from the subject to count toward UE', 3),
(121, 'Mathematics: Calculus - Level 3', '13', 'MAC', 'Approximately $35 (total) for workbooks for each standard, Graph', 'null', 'This course provides a solid foundation for the study of Mathematics at university level, and is required for the study of disciplines such as the Physical Sciences, Engineering and Economics', 1, 0, '? It is expected that the majority of students will do all standards offered in this course as preparation for university, but exceptions may be made on a case by case basis', 4),
(122, 'Mathematics and Statistics - Level 3', '13', 'MAS', 'Approximately $40 (total) for workbooks for each standard, Graph', 'null', 'This course is designed for students who achieved moderate success in Level 2. It gives an introduction to some commonly used 71 techniques for modelling situations and solving problems, and enhances students? statistical literacy', 1, 0, 'null', 4),
(123, 'Mathematics: Advanced Statistics - Level 3', '13', 'MAX', 'Approximately $40 (total) for workbooks for each standard, Graph', 'null', 'This course provides a foundation for the study of Statistics at university level, and for the statistical skills needed for the study of Biological Sciences, Social Sciences, Economics and Finance. As well as the standards listed below, students in this course will also be introduced to time series analysis', 1, 0, 'Students will study standards from those listed, up to a maximum of 21 credits', 4),
(124, 'Mathematics: Statistics - Level 3', '13', 'MST', 'Approximately $40 for workbooks for each standard, Graphics calc', 'null', 'This course provides a foundation for the study of Statistics at university level, and for the statistical skills needed for the study of Biological Sciences, Social Sciences, Economics and Finance. As well as the standards listed below, students in this course will also be introduced to time series analysis', 1, 0, 'Students will study standards from those listed, up to a maximum of 21 credits', 4),
(125, 'Media Studies -Level 3', '13', 'MED', '$20 for course materials', 'null', 'This course aims to further develop understanding of the media in the New Zealand and global context. Media Studies is about the active exploration, analysis, creation and enjoyment of the media and its products. The course examines the dynamic role of the media in society, how messages are constructed in regard to individuals, communities and cultures and how media products are produced, controlled and distributed. Through Media Studies, students gain the knowledge and skills to conceive, plan, design and produce media products. (Journalism and Film)', 1, 0, 'Optional standards are 91496 & 91497', 2),
(126, 'Music - Level 3', '13', 'MUS', '$10 for course materials', 'Opportunity to attend and/or participate: Music Camp, Big Sing, ', 'Students will explore music in depth by communicating and creating through performance and composition', 1, 0, 'Students will have the opportunity to earn up to 20 credits from across the following standards', 1),
(127, 'Nutrition and Food Technology - Level 3', '13', 'NFT', '$60 for ingredients and materials', 'null', 'This course involves both academic inquiry and development of practical food and nutrition skills related to personal and community health and societal well-being', 1, 0, 'null', 8),
(128, 'Physical Education - Level 3', '13', 'PED', '$160 - Golf coaching sessions, assments and other costs. Overnig', 'Mountain Biking training, overnight mountain biking camp, golf s', 'Four spells per week - practical and/or theory based dependent upon actual topic - to include: - Active participation in two specific activities (golf and Coast to Coast) to effectively improve personal performance. - Examination of the structure of the body and how this relates to performance in those specific activities ? anatomy, physiology and biomechanics. - Demonstration of quality movement through performing, analysing and evaluating that performance in those specific activities. - Plan and carry out an outdoor activity to demonstrate understanding of the importance of managing risk factors', 1, 0, 'null', 5),
(129, 'Physics - Level 3', '13', 'PHX', '$30 (approximately) for workbook', 'null', 'This course explores the weird and intriguing aspects of the concepts covered at level 2. It delves more deeply into physical phenomena, exploring more complex relationships to produce explanations for how the universe behaves. Physics is typically required for university Physical Sciences, Engineering, Medical Sciences, Architecture, etc', 1, 0, 'null', 6),
(130, 'Spanish - Level 3', '13', 'SPA', '$10 for class materials, $20 for Language Perfect subscription', 'null', 'At this level students will use language to express and justify their own ideas and opinions, and support or challenge those of others. They will be able to use and identify the linguistic and cultural forms that guide interpretation and enable them to respond critically to texts in selected linguistic and sociocultural contexts such as environment, the multicultural society, contemporary issues and a cultural topic. (Study of a Spanish speaking region, a period in history, the work of an author, a dramatist or poet, a director, architect, musician or painter from a target speaking country)', 1, 0, 'Students will study standards from those listed, up to a maximum of 21 credits. They need to be mindful of the minimum number of credits required from the subject to count toward UE', 3),
(131, 'Tourism - Level 3', '13', 'TOU', '$20 (approximately) for field trip', '1 day field trip', 'Tourism provides students the opportunities to study the impacts of tourism on both natural and cultural environments. Students will learn about the tourism industry as an economic contributor and how tourism is a social and cultural activity. Topics may include: How events such a the Rugby World Cup contribute to a nation?s economy, how a New Zealand destination can cater to international visitors and how tourism can both benefit and create issues for populations in overseas communities', 0, 0, 'Students will be assessed on a selection of standards to complete a total of 20 credits', 7);

-- --------------------------------------------------------

--
-- Table structure for table `course_std`
--

CREATE TABLE IF NOT EXISTS `course_std` (
  `course_id` tinyint(4) unsigned NOT NULL,
  `standard_id` smallint(5) unsigned NOT NULL,
  KEY `course_id` (`course_id`),
  KEY `standard_id` (`standard_id`)
) ENGINE=InnoDB DEFAULT CHARSET=latin1 COMMENT='links the standards and courses together';

--
-- Dumping data for table `course_std`
--

INSERT INTO `course_std` (`course_id`, `standard_id`) VALUES
(69, 1),
(92, 1),
(93, 1),
(55, 2),
(71, 3),
(72, 3),
(85, 4),
(84, 5),
(84, 6),
(85, 7),
(84, 8),
(85, 8),
(85, 9),
(70, 10),
(55, 10),
(55, 11),
(87, 12),
(88, 12),
(32, 12),
(70, 13),
(55, 14),
(55, 15),
(55, 16),
(55, 17),
(91, 18),
(55, 19),
(131, 20),
(88, 21),
(87, 21),
(32, 21),
(55, 22),
(70, 23),
(70, 24),
(91, 25),
(91, 26),
(91, 27),
(55, 28),
(70, 29),
(55, 29),
(70, 30),
(55, 30),
(55, 31),
(55, 32),
(87, 33),
(88, 33),
(32, 33),
(87, 34),
(88, 34),
(32, 34),
(32, 35),
(87, 35),
(88, 35),
(87, 36),
(88, 36),
(32, 36),
(32, 37),
(87, 37),
(88, 37),
(88, 38),
(87, 38),
(32, 38),
(87, 39),
(88, 39),
(32, 39),
(32, 40),
(87, 40),
(88, 40),
(32, 41),
(87, 41),
(88, 41),
(70, 42),
(8, 43),
(8, 44),
(71, 45),
(72, 45),
(72, 46),
(71, 46),
(55, 47),
(70, 48),
(55, 49),
(131, 50),
(131, 51),
(93, 52),
(69, 52),
(92, 52),
(49, 53),
(49, 54),
(74, 55),
(49, 56),
(49, 57),
(74, 57),
(49, 58),
(74, 58),
(55, 59),
(32, 60),
(87, 60),
(88, 60),
(84, 61),
(91, 62),
(84, 63),
(69, 64),
(92, 64),
(93, 64),
(131, 65),
(69, 66),
(92, 66),
(93, 66),
(8, 67),
(8, 68),
(8, 69),
(131, 70),
(93, 71),
(92, 71),
(69, 71),
(93, 72),
(92, 72),
(69, 72),
(93, 73),
(92, 73),
(69, 73),
(93, 74),
(92, 74),
(69, 74),
(69, 75),
(92, 75),
(93, 75),
(131, 76),
(22, 77),
(22, 78),
(22, 79),
(51, 80),
(51, 81),
(12, 81),
(13, 82),
(13, 83),
(10, 84),
(10, 85),
(10, 86),
(11, 87),
(11, 88),
(52, 89),
(3, 90),
(3, 91),
(37, 92),
(37, 93),
(37, 94),
(37, 95),
(11, 96),
(11, 97),
(11, 98),
(52, 99),
(13, 100),
(52, 100),
(11, 101),
(11, 102),
(52, 103),
(4, 104),
(4, 105),
(4, 106),
(4, 107),
(4, 108),
(15, 109),
(15, 110),
(15, 111),
(15, 112),
(19, 113),
(19, 114),
(19, 115),
(19, 116),
(31, 117),
(31, 118),
(31, 119),
(31, 120),
(2, 121),
(2, 122),
(2, 123),
(30, 124),
(27, 125),
(30, 125),
(29, 125),
(30, 125),
(28, 126),
(29, 127),
(30, 127),
(27, 127),
(28, 128),
(30, 129),
(29, 129),
(27, 129),
(28, 130),
(27, 131),
(28, 132),
(27, 133),
(24, 134),
(24, 135),
(24, 136),
(25, 137),
(25, 138),
(25, 139),
(25, 140),
(25, 141),
(1, 142),
(1, 143),
(1, 144),
(1, 145),
(3, 146),
(3, 147),
(3, 148),
(1, 149),
(10, 150),
(10, 151),
(18, 152),
(18, 153),
(18, 154),
(18, 155),
(18, 156),
(16, 157),
(16, 158),
(16, 159),
(16, 160),
(16, 161),
(16, 162),
(21, 163),
(81, 164),
(21, 165),
(21, 166),
(81, 167),
(21, 168),
(22, 169),
(21, 170),
(81, 170),
(14, 171),
(7, 172),
(7, 173),
(14, 174),
(7, 175),
(90, 176),
(89, 176),
(14, 176),
(7, 177),
(17, 178),
(17, 179),
(17, 180),
(17, 181),
(17, 182),
(9, 183),
(24, 184),
(20, 185),
(20, 186),
(20, 187),
(20, 188),
(20, 189),
(23, 190),
(23, 191),
(23, 192),
(23, 193),
(23, 194),
(23, 195),
(14, 196),
(89, 196),
(90, 196),
(50, 197),
(50, 198),
(50, 199),
(50, 200),
(113, 200),
(50, 201),
(113, 201),
(50, 202),
(113, 202),
(50, 203),
(113, 203),
(113, 204),
(50, 204),
(39, 205),
(39, 206),
(39, 207),
(39, 208),
(39, 209),
(54, 210),
(54, 211),
(54, 212),
(54, 213),
(59, 214),
(59, 215),
(59, 216),
(59, 217),
(68, 218),
(68, 219),
(68, 220),
(68, 221),
(36, 222),
(36, 223),
(36, 224),
(36, 225),
(36, 226),
(38, 227),
(38, 228),
(38, 229),
(38, 230),
(38, 231),
(67, 232),
(67, 233),
(67, 234),
(67, 235),
(33, 236),
(33, 237),
(33, 238),
(33, 239),
(47, 240),
(47, 241),
(47, 242),
(47, 243),
(40, 244),
(40, 245),
(40, 246),
(40, 247),
(40, 248),
(46, 249),
(46, 250),
(46, 251),
(46, 252),
(46, 253),
(48, 254),
(48, 255),
(48, 256),
(48, 257),
(58, 258),
(78, 259),
(77, 260),
(58, 260),
(77, 261),
(58, 261),
(58, 262),
(78, 262),
(75, 263),
(76, 263),
(56, 263),
(56, 264),
(75, 264),
(76, 264),
(56, 265),
(76, 265),
(75, 265),
(56, 266),
(75, 266),
(76, 266),
(76, 267),
(75, 267),
(56, 267),
(63, 268),
(63, 269),
(63, 270),
(63, 271),
(63, 272),
(63, 273),
(61, 274),
(62, 274),
(62, 275),
(61, 276),
(82, 276),
(61, 277),
(82, 277),
(62, 278),
(62, 279),
(61, 280),
(61, 281),
(62, 281),
(61, 282),
(61, 283),
(64, 284),
(64, 285),
(64, 286),
(64, 287),
(64, 288),
(64, 289),
(64, 290),
(64, 291),
(60, 292),
(60, 293),
(60, 294),
(60, 295),
(60, 296),
(65, 297),
(65, 298),
(65, 299),
(65, 300),
(34, 301),
(34, 302),
(35, 303),
(35, 304),
(34, 305),
(35, 306),
(34, 307),
(66, 308),
(66, 309),
(66, 310),
(66, 311),
(66, 312),
(57, 313),
(73, 314),
(57, 315),
(57, 316),
(57, 317),
(43, 318),
(53, 319),
(89, 319),
(90, 319),
(43, 320),
(53, 321),
(45, 322),
(53, 323),
(44, 324),
(43, 324),
(43, 325),
(53, 325),
(45, 326),
(45, 327),
(45, 328),
(44, 329),
(44, 330),
(44, 331),
(100, 332),
(100, 333),
(100, 334),
(100, 335),
(33, 336),
(101, 337),
(101, 338),
(101, 339),
(101, 340),
(101, 341),
(103, 342),
(103, 343),
(103, 344),
(103, 345),
(111, 346),
(111, 347),
(111, 348),
(111, 349),
(111, 350),
(48, 350),
(94, 351),
(94, 352),
(94, 353),
(94, 354),
(94, 355),
(110, 356),
(110, 357),
(110, 358),
(110, 359),
(110, 360),
(110, 361),
(126, 362),
(126, 363),
(126, 364),
(126, 365),
(126, 366),
(126, 367),
(126, 368),
(126, 369),
(126, 370),
(116, 371),
(116, 372),
(116, 373),
(116, 374),
(116, 375),
(118, 376),
(118, 377),
(118, 378),
(118, 379),
(95, 380),
(96, 381),
(97, 382),
(95, 383),
(96, 384),
(97, 385),
(95, 386),
(96, 387),
(97, 388),
(127, 389),
(127, 390),
(127, 391),
(127, 392),
(112, 393),
(112, 394),
(112, 395),
(112, 396),
(112, 397),
(112, 398),
(112, 399),
(98, 400),
(98, 401),
(98, 402),
(98, 403),
(98, 404),
(98, 405),
(125, 406),
(125, 407),
(125, 408),
(125, 409),
(125, 410),
(125, 411),
(125, 412),
(125, 413),
(128, 414),
(128, 415),
(128, 416),
(128, 417),
(128, 418),
(109, 419),
(109, 420),
(109, 421),
(109, 422),
(109, 423),
(129, 424),
(129, 425),
(129, 426),
(129, 427),
(102, 428),
(119, 429),
(102, 430),
(102, 431),
(102, 432),
(102, 433),
(115, 434),
(115, 435),
(115, 436),
(115, 437),
(119, 438),
(119, 439),
(119, 440),
(130, 441),
(130, 442),
(130, 443),
(130, 444),
(130, 445),
(121, 446),
(122, 447),
(121, 448),
(122, 449),
(121, 450),
(121, 451),
(122, 452),
(124, 453),
(123, 453),
(122, 453),
(123, 454),
(124, 454),
(122, 456),
(123, 456),
(124, 456),
(123, 457),
(124, 458),
(124, 459),
(123, 459),
(121, 460),
(122, 460),
(123, 460),
(124, 460),
(99, 461),
(99, 462),
(99, 463),
(99, 464),
(99, 465),
(73, 466),
(106, 466),
(108, 466),
(106, 466),
(107, 466),
(73, 467),
(106, 467),
(114, 468),
(106, 469),
(114, 469),
(114, 470),
(114, 471),
(117, 471),
(106, 471),
(117, 472),
(117, 473),
(117, 474),
(108, 475),
(108, 476),
(108, 477),
(107, 478),
(107, 479),
(120, 480),
(120, 481),
(120, 482),
(120, 483),
(120, 484),
(84, 485),
(85, 485),
(126, 486),
(126, 487),
(3, 488),
(9, 489),
(9, 490),
(9, 491),
(9, 492);

-- --------------------------------------------------------

--
-- Table structure for table `learning_areas`
--

CREATE TABLE IF NOT EXISTS `learning_areas` (
  `la_id` tinyint(3) unsigned NOT NULL AUTO_INCREMENT,
  `learning_area` varchar(20) NOT NULL,
  PRIMARY KEY (`la_id`)
) ENGINE=InnoDB  DEFAULT CHARSET=latin1 COMMENT='stores the learning ares' AUTO_INCREMENT=9 ;

--
-- Dumping data for table `learning_areas`
--

INSERT INTO `learning_areas` (`la_id`, `learning_area`) VALUES
(0, 'Learning Support'),
(1, 'Arts'),
(2, 'English'),
(3, 'Language'),
(4, 'Mathematics'),
(5, 'Physical Education'),
(6, 'Science'),
(7, 'Social Science'),
(8, 'Technology');

-- --------------------------------------------------------

--
-- Table structure for table `prerequisites`
--

CREATE TABLE IF NOT EXISTS `prerequisites` (
  `prereq_id` smallint(5) unsigned NOT NULL AUTO_INCREMENT,
  `primary_course_id` tinyint(4) unsigned NOT NULL,
  `course_id_pre` tinyint(4) unsigned NOT NULL,
  `prereq_info` varchar(256) NOT NULL,
  PRIMARY KEY (`prereq_id`),
  KEY `primary_course_id` (`primary_course_id`),
  KEY `course_id` (`course_id_pre`),
  KEY `course_id_2` (`course_id_pre`)
) ENGINE=InnoDB  DEFAULT CHARSET=latin1 AUTO_INCREMENT=154 ;

--
-- Dumping data for table `prerequisites`
--

INSERT INTO `prerequisites` (`prereq_id`, `primary_course_id`, `course_id_pre`, `prereq_info`) VALUES
(1, 33, 1, '14 credits'),
(2, 33, 0, 'or approval by Subject Leader'),
(3, 34, 2, ''),
(4, 34, 0, 'or with approval from Subject Leader'),
(5, 35, 2, ''),
(6, 35, 0, 'or with approval from Subject Leader'),
(7, 36, 27, '12 credits (including AS 1.9)'),
(8, 36, 11, '8 credits'),
(9, 36, 0, 'Students with fewer than 12 credits need to apply to Subject Leader for provisional entry'),
(10, 37, 3, '12 credits (including BUS AS1.6)'),
(11, 37, 11, 'or 16 credits'),
(12, 37, 0, 'or approval by Subject Leader'),
(13, 38, 27, '12 credits including AS 1.5 (Acids and Bases)'),
(14, 38, 21, '8 credits (any Maths course)'),
(15, 38, 0, 'Students with fewer than 12 credits need to apply to Subject Leader for provisional entry'),
(16, 39, 4, ''),
(17, 39, 0, 'or equivalent Chinese (Mandarin) language experience'),
(18, 40, 18, '16 credits including a Merit in the essay writing standard'),
(19, 40, 11, 'or 16 credits (including AS 1.5 and AS 1.1)'),
(20, 41, 0, 'EL students. Recommendation of International Director.'),
(21, 43, 7, ''),
(22, 43, 0, 'or approval from Subject Leader'),
(23, 44, 9, ''),
(24, 44, 0, 'or recommendation of subject leader'),
(25, 45, 9, ''),
(26, 45, 0, 'or recommendation of subject leader'),
(27, 46, 10, ''),
(28, 46, 0, 'or by contract with Subject Leader'),
(29, 47, 28, '12 credits, including at least one external'),
(30, 47, 11, '8 credits'),
(31, 47, 0, 'Students without these prerequisites need to apply to Subject Leader for provisional entry'),
(32, 48, 3, '12 credits (including ECO AS1.4/AS1.6)'),
(33, 48, 0, 'Students new to Economics can be accepted after discussion with Subject Leader'),
(34, 49, 21, '15 credits'),
(35, 50, 11, '16 credits'),
(36, 51, 0, 'Recommendation of Subject Leader, EL.'),
(37, 52, 0, 'Recommendation of Subject Leader, EL.'),
(38, 53, 14, ''),
(39, 53, 0, 'or by negotiation or approval of Subject Leader'),
(40, 54, 15, '14 credits'),
(41, 54, 0, 'or equivalent French Language experience'),
(42, 55, 0, 'Application and Selection Process: Register your interest at the Careers Centre. Complete Gateway Application and submit CV in September of the previous year. Gateway Interviews are held in November for all applicants. Deans approval and good school atten'),
(43, 56, 16, '15 credits'),
(44, 56, 0, 'or approval by Subject Leader'),
(45, 57, 17, 'Achieved 4 out of 6 standards including AS91063, AS91067 and AS91068'),
(46, 57, 0, 'or by negotiation or approval by Subject Leader'),
(47, 58, 18, '16 credits including a Merit in the essay writing standard'),
(48, 58, 0, 'or approval by Subject Leader'),
(49, 59, 19, '14 credits'),
(50, 59, 0, 'or equivalent Japanese language experience'),
(51, 60, 20, ''),
(52, 60, 0, 'or approval by subject leader'),
(53, 61, 21, 'Four out of five Achievement Standards'),
(54, 62, 21, 'Five Level 1 Achievement Standards with at least three at Merit level, including 1.2 (Algebra) or 1.3 (Graphs)'),
(55, 63, 11, '15 credits'),
(56, 64, 23, ''),
(57, 64, 0, 'or equivalent music experience in both performance and composition'),
(58, 65, 24, '3/4 standards including AS90959'),
(59, 66, 25, '15 credits'),
(60, 67, 27, '12 credits including AS 1.1 (Mechanical)'),
(61, 67, 21, 'AS 1.2 (Algebra) and AS 1.6 (Geometry)'),
(62, 68, 31, '14 credits including AS 1.2 or 1.6'),
(63, 68, 0, 'or an equivalent Spanish language experience'),
(64, 74, 21, '15 credits'),
(65, 75, 16, '15 credits'),
(66, 75, 0, 'or approval by Subject Leader'),
(67, 76, 16, '15 credits'),
(68, 76, 0, 'or approval by Subject Leader'),
(69, 77, 18, '16 credits including a Merit in the essay writing standard'),
(70, 77, 0, 'or approval by Subject Leader'),
(71, 78, 18, '16 credits including a Merit in the essay writing standard'),
(72, 78, 0, 'or approval by Subject Leader'),
(73, 81, 21, '12 credits'),
(74, 81, 0, 'or recommendation of Learning Area Leader'),
(75, 82, 21, '12 credits'),
(76, 82, 0, 'or recommendation of Learning Area Leader'),
(77, 83, 0, 'Recommendation of International Dean'),
(78, 87, 0, 'Recommendation of Dean or Learning Area Leader'),
(79, 88, 0, 'Recommendation of Dean or Learning Area Leader'),
(80, 94, 33, '14 credits'),
(81, 94, 0, 'or approval by Subject Leader'),
(82, 95, 34, ''),
(83, 95, 0, 'or with approval from Subject Leader'),
(84, 96, 34, ''),
(85, 96, 0, 'or with approval from Subject Leader'),
(86, 97, 35, ''),
(87, 97, 0, 'or with approval from Subject Leader'),
(88, 98, 50, '18 credits'),
(89, 98, 0, 'or with approval from Subject Leader'),
(90, 99, 36, '12 credits'),
(91, 100, 37, '12 credits including 2.6'),
(92, 100, 0, 'or approval by subject leader'),
(93, 101, 38, '12 credits'),
(94, 102, 39, ''),
(95, 102, 0, 'or equivalent Chinese (Mandarin) language experience'),
(96, 103, 40, '14 credits'),
(97, 103, 58, 'or 16 credits'),
(98, 103, 50, 'or 18 credits'),
(99, 103, 0, 'or approval by subject leader'),
(100, 104, 12, 'EL students, Recommendation of International Director'),
(101, 106, 43, ''),
(102, 106, 0, 'or approval from Subject Leader'),
(103, 107, 44, ''),
(104, 107, 45, ''),
(105, 107, 0, 'or recommendation of subject leader'),
(106, 108, 44, ''),
(107, 108, 45, ''),
(108, 108, 0, 'or recommendation of subject leader'),
(109, 109, 46, ''),
(110, 109, 0, 'or by contract with Subject Leader'),
(111, 110, 27, '16 credits'),
(112, 110, 11, '8 credits'),
(113, 110, 0, 'Students without these prerequisites need to apply to Subject Leader for provisional entry'),
(114, 111, 48, '14 credits'),
(115, 111, 37, ''),
(116, 111, 3, ''),
(117, 111, 62, 'with'),
(118, 111, 62, 'or an English rich subject with'),
(119, 112, 50, '18 credits'),
(120, 113, 0, 'Recommendation of Subject Leader, EL'),
(121, 114, 53, ''),
(122, 114, 0, 'or approval of the Subject Leader'),
(123, 115, 54, '14 credits'),
(124, 115, 0, 'or equivalent French language experience'),
(125, 116, 56, '15 credits'),
(126, 116, 0, 'or approval by the subject leader'),
(127, 117, 57, '3 out of 5 L2 standards including AS91337 and AS91341 or AS91342'),
(128, 117, 0, 'or by negotiation or approval from Subject Leader'),
(129, 118, 58, '14 credits including at least one merit'),
(130, 118, 0, 'or approval by Subject Leader'),
(131, 119, 59, '14 credits'),
(132, 119, 0, 'or equivalent Japanese language experience'),
(133, 120, 60, ''),
(134, 120, 0, 'or approval by subject leader'),
(135, 121, 62, '19 credits including 2.6 (Algebra) and 2.7 (Calculus) at Merit level, 2.1 (Coordinate Geometry) and 2.2 (Graphs)'),
(136, 122, 62, '14 credits from'),
(137, 122, 61, 'or 14 credits from'),
(138, 123, 121, ''),
(139, 123, 62, 'or an Excellence endorsement for'),
(140, 123, 0, 'or approval of Learning Area Leader'),
(141, 124, 62, '16 credits including 2.1 (Coordinate Geometry) or 2.2 (Graphs), 2.6 (Algebra), 2.9 (Statistics) and 2.12 (Probability)'),
(142, 125, 50, '15 credits'),
(143, 125, 0, 'Entry also by discussion if the student has skills in Graphics and/or Art'),
(144, 126, 64, ''),
(145, 126, 0, 'or equivalent music experience in both performance and composition'),
(146, 127, 65, '3 out of 4 standards including AS91301'),
(147, 128, 66, '17 credits'),
(148, 129, 67, '12 credits'),
(149, 130, 68, '14 credits'),
(150, 130, 0, 'or equivalent Spanish language experience'),
(151, 131, 69, '13 credits'),
(152, 131, 0, 'or 13 credits Social Science subject'),
(153, 131, 0, 'or approval by the subject leader');

-- --------------------------------------------------------

--
-- Table structure for table `standards`
--

CREATE TABLE IF NOT EXISTS `standards` (
  `standard_id` smallint(5) unsigned NOT NULL AUTO_INCREMENT,
  `std_num` varchar(6) NOT NULL,
  `name` varchar(256) NOT NULL,
  `credits` tinyint(4) NOT NULL,
  `num` tinyint(1) NOT NULL,
  `lit` tinyint(1) NOT NULL,
  `lit_read` tinyint(1) NOT NULL,
  `lit_write` tinyint(1) NOT NULL,
  `type` char(1) NOT NULL,
  PRIMARY KEY (`standard_id`)
) ENGINE=InnoDB  DEFAULT CHARSET=latin1 COMMENT='stores information about the standards' AUTO_INCREMENT=493 ;

--
-- Dumping data for table `standards`
--

INSERT INTO `standards` (`standard_id`, `std_num`, `name`, `credits`, `num`, `lit`, `lit_read`, `lit_write`, `type`) VALUES
(1, '57', 'Provide Customer Service', 2, 0, 0, 0, 0, 'i'),
(2, '62', 'Maintain personal presentation and a positive attitude in a workplace involving customer contact', 2, 0, 0, 0, 0, 'i'),
(3, '167', 'Practice food safety methods in a food business under supervision', 4, 0, 0, 0, 0, 'i'),
(4, '425', 'Prepare for, complete, and evaluate day tramps using a map', 3, 0, 0, 0, 0, 'i'),
(5, '426', 'Prepare for camping, establish campsites, experience camp living, and leave campsites with minimal impact on the environment', 3, 0, 0, 0, 0, 'i'),
(6, '444', 'Demonstrate spotting and climbing techniques, and identify issues related to Rock Climbing', 1, 0, 0, 0, 0, 'i'),
(7, '457', 'Prepare for, complete, and evaluate day tramps using a map', 2, 0, 0, 0, 0, 'i'),
(8, '473', 'Demonstrate personal and social development through participation in a high ropes course programme; and demonstrate safe practices in High Ropes Course activities', 3, 0, 0, 0, 0, 'i'),
(9, '476', 'Prepare for mountain biking, and complete mountain bike rides on Intermediate to expert terrain', 2, 0, 0, 0, 0, 'i'),
(10, '497', 'Demonstrate knowledge of workplace health and safety requirements', 3, 0, 0, 0, 0, 'i'),
(11, '1279', 'Write in plain English', 3, 0, 0, 0, 0, 'i'),
(12, '1293', 'Be interviewed in a one -to one face to face interview', 2, 0, 0, 0, 0, 'i'),
(13, '1294', 'Be interviewed in a formal interview', 2, 0, 0, 0, 0, 'i'),
(14, '1296', 'Interview in an informal situation', 3, 0, 0, 0, 0, 'i'),
(15, '1307', 'Speak to a known audience in a predictable situation', 3, 0, 0, 0, 0, 'i'),
(16, '1979', 'Describe employment relationships and agreements', 3, 0, 0, 0, 0, 'i'),
(17, '1980', 'Describe, from an employee perspective, ways of dealing with employment relationship problems', 2, 0, 0, 0, 0, 'i'),
(18, '2395', 'Demonstrate and apply knowledge of the selection, use, and care of engineering hand tools', 4, 0, 0, 0, 0, 'i'),
(19, '2990', 'Read texts to research information', 4, 0, 0, 0, 0, 'i'),
(20, '3727', 'Demonstrate knowledge of Pacific Island countries as tourist destinations', 5, 0, 0, 0, 0, 'i'),
(21, '4249', 'Describe care and timeliness as an employee', 3, 0, 0, 0, 0, 'i'),
(22, '4251', 'Plan a career pathway', 2, 0, 0, 0, 0, 'i'),
(23, '4252', 'Produce a personal targeted CV', 2, 0, 0, 0, 0, 'i'),
(24, '4253', 'Demonstrate knowledge of job search skills', 3, 0, 0, 0, 0, 'i'),
(25, '4433', 'Select, use, and care for simple measuring devices used in engineering', 2, 0, 0, 0, 0, 'i'),
(26, '4435', 'Select, use, and care for engineering dimensional measuring equipment', 3, 0, 0, 0, 0, 'i'),
(27, '5536', 'Select, use, and care for engineering marking-out equipment', 3, 0, 0, 0, 0, 'i'),
(28, '6400', 'Manage first aid in an emergency situation', 2, 0, 0, 0, 0, 'i'),
(29, '6401', 'Provide first aid', 1, 0, 0, 0, 0, 'i'),
(30, '6402', 'Provide basic life support', 1, 0, 0, 0, 0, 'i'),
(31, '9681', 'Contribute within a team or group which has an objective', 3, 0, 0, 0, 0, 'i'),
(32, '11097', 'Listen actively to gain information in an interactive situation', 3, 0, 0, 0, 0, 'i'),
(33, '11861', 'Demonstrate knowledge of personal hygiene', 3, 0, 0, 0, 0, 'i'),
(34, '11865', 'Cross roads safely', 4, 0, 0, 0, 0, 'i'),
(35, '11867', 'Answer and refer a phone call', 2, 0, 0, 0, 0, 'i'),
(36, '11869', 'Make phone calls', 1, 0, 0, 0, 0, 'i'),
(37, '11877', 'Select and wear clothes for different occasions and identify need to care for clothes', 1, 0, 0, 0, 0, 'i'),
(38, '11879', 'Grow and care for plants', 2, 0, 0, 0, 0, 'i'),
(39, '11882', 'Prepare and serve a light meal', 4, 0, 0, 0, 0, 'i'),
(40, '11914', 'Receive, record and deliver messages', 2, 0, 0, 0, 0, 'i'),
(41, '11918', 'Clarify and follow received instructions', 2, 0, 0, 0, 0, 'i'),
(42, '12354', 'Describe implications of independent living including renting and flatting', 4, 0, 0, 0, 0, 'i'),
(43, '12927', 'Identify, select, maintain and use hand tools for BCATS projects.', 6, 0, 0, 0, 0, 'i'),
(44, '12932', 'Construct timber garden furniture and items of basic construction equipment as a BCATS project.', 8, 0, 0, 0, 0, 'i'),
(45, '14441', 'Provide caf counter service in a hospitality establishment', 5, 0, 0, 0, 0, 'i'),
(46, '17285', 'Demonstrate knowledge of commercial espresso coffee equipment and prepare espresso beverages under supervision', 4, 0, 0, 0, 0, 'i'),
(47, '17593', 'Apply safe work practices in the workplace', 4, 0, 0, 0, 0, 'i'),
(48, '17593', 'Apply safe work practices in the workplace', 4, 0, 0, 0, 0, 'i'),
(49, '17602', 'Apply hazard identification and risk assessment procedures in the workplace', 4, 0, 0, 0, 0, 'i'),
(50, '18211', 'Demonstrate knowledge of Australia as a tourist destination', 5, 0, 0, 0, 0, 'i'),
(51, '18226', 'Apply cross-cultural communication for the tourism industry', 3, 0, 0, 0, 0, 'i'),
(52, '18237', 'Perform calculations for a tourism workplace', 3, 0, 0, 0, 0, 'i'),
(53, '18239', 'Demonstrate introductory knowledge of circuit concepts and measurements for electronics', 5, 0, 0, 0, 0, 'i'),
(54, '18240', 'Demonstrate knowledge of basic electronic components', 5, 0, 0, 0, 0, 'i'),
(55, '18240', 'Demonstrate knowledge of basic electronic components', 5, 0, 0, 0, 0, 'i'),
(56, '18241', 'Demonstrate knowledge of basic electronic systems', 5, 0, 0, 0, 0, 'i'),
(57, '18242', 'Construct a simple printed circuit', 3, 0, 0, 0, 0, 'i'),
(58, '18243', 'Construct simple electronic products from supplied circuit schematics', 6, 0, 0, 0, 0, 'i'),
(59, '19522', 'Undertake job safety analysis', 4, 0, 0, 0, 0, 'i'),
(60, '20075', 'Demonstrate knowledge of friendships or relationships', 3, 0, 0, 0, 0, 'i'),
(61, '20157', 'Demonstrate the care and use of rock climbing gear; demonstrate belay and knot skills on top rope climbs; and complete selfprotected abseils', 3, 0, 0, 0, 0, 'i'),
(62, '20917', 'Demonstrate basic knowledge of engineering materials', 2, 0, 0, 0, 0, 'i'),
(63, '21929', 'Demonstrate the use of personal and safety items required for sailing a dinghy, demonstrate the safety features of a dinghy and how they are used, and plan a short sailing trip of up to two hours duration', 2, 0, 0, 0, 0, 'i'),
(64, '23761', 'Read and comprehend work-related documents in English for a tourism workplace', 3, 0, 0, 0, 0, 'i'),
(65, '23766', 'Demonstrate knowledge of the tourism industry', 5, 0, 0, 0, 0, 'i'),
(66, '23767', 'Demonstrate knowledge of and use the Internet in a tourism workplace', 2, 0, 0, 0, 0, 'i'),
(67, '24352', 'Demonstrate knowledge of safe working practices in the construction of a BCATS projects', 2, 0, 0, 0, 0, 'i'),
(68, '24355', 'Demonstrate knowledge of construction and manufacturing materials used in BCATS projects.', 4, 0, 0, 0, 0, 'i'),
(69, '24366', 'Apply elementary workshop procedures and processes for BCATS projects.', 8, 0, 0, 0, 0, 'i'),
(70, '24725', 'Describe and analyse the economic significance of Tourism', 4, 0, 0, 0, 0, 'i'),
(71, '24726', 'Describe and compare social and cultural impacts of tourism', 3, 0, 0, 0, 0, 'i'),
(72, '24727', 'Describe and compare impacts of tourism on the physical environment', 3, 0, 0, 0, 0, 'i'),
(73, '24728', 'Demonstrate knowledge of work roles in tourism', 3, 0, 0, 0, 0, 'i'),
(74, '24729', 'Demonstrate knowledge of world tourist destinations', 4, 0, 0, 0, 0, 'i'),
(75, '24730', 'Demonstrate knowledge of the business of tourism', 4, 0, 0, 0, 0, 'i'),
(76, '24733', 'Describe and promote a New Zealand Tourist destination', 4, 0, 0, 0, 0, 'i'),
(77, '26623', 'Use number to solve problems', 4, 1, 0, 0, 0, 'i'),
(78, '26626', 'Interpret statistical information for a purpose', 3, 1, 0, 0, 0, 'i'),
(79, '26627', 'Use measurement to solve problems', 3, 1, 0, 0, 0, 'i'),
(80, '27983', 'Read and understand simple texts on familiar topics (EL)', 8, 0, 0, 0, 0, 'i'),
(81, '27999', 'Write simple texts on familiar topics (EL)', 8, 0, 0, 0, 0, 'i'),
(82, '28056', 'Read and understand texts on familiar topics (EL)', 5, 0, 0, 0, 0, 'i'),
(83, '28068', 'Write texts on familiar topics (EL)', 5, 0, 0, 0, 0, 'i'),
(84, '90006', 'Apply drama techniques in a dramatic context', 4, 0, 1, 0, 0, 'i'),
(85, '90009', 'Perform an acting role in a scripted production', 5, 0, 1, 0, 0, 'i'),
(86, '90011', 'Demonstrate understanding of live drama performance', 4, 0, 1, 0, 0, 'e'),
(87, '90052', 'Produce creative writing', 3, 0, 1, 0, 0, 'i'),
(88, '90053', 'Produce formal writing', 3, 0, 1, 0, 0, 'i'),
(89, '90053', 'Produce formal writing', 3, 1, 0, 0, 0, 'i'),
(90, '90840', 'Apply the marketing mix to a new or existing product', 3, 0, 1, 0, 0, 'i'),
(91, '90842', 'Carry out and review a product-based business activity within a classroom context with direction', 6, 0, 1, 0, 0, 'i'),
(92, '90843', 'Demonstrate understanding of the internal operations of a large business', 4, 0, 0, 0, 0, 'e'),
(93, '90844', 'Demonstrate understanding of how a large business responds to external factors', 4, 0, 0, 0, 0, 'e'),
(94, '90847', 'Investigate the application of motivational theory in a business', 3, 0, 0, 0, 0, 'i'),
(95, '90848', 'Carry out, review and refine a business activity within a community context with guidance', 9, 0, 0, 0, 0, 'i'),
(96, '90849', 'Show understanding of specified aspect(s) of studied written text(s) using supporting evidence.', 4, 0, 1, 0, 0, 'e'),
(97, '90850', 'Show understanding of specified aspect(s)of studied visual or oral text(s) using supporting evidence.', 4, 0, 1, 0, 0, 'e'),
(98, '90851', 'Show understanding of significant aspects of unfamiliar written text through close reading, using supporting evidence.', 4, 0, 1, 0, 0, 'e'),
(99, '90852', 'Explain significant connection(s) across texts, using supporting evidence', 4, 1, 0, 0, 0, 'i'),
(100, '90853', 'Use information literacy skills to form conclusions', 4, 0, 1, 0, 0, 'i'),
(101, '90855', 'Create a visual text', 3, 0, 1, 0, 0, 'i'),
(102, '90857', 'Construct and deliver an oral text', 3, 0, 1, 0, 0, 'i'),
(103, '90857', 'Construct and deliver an oral text', 3, 1, 0, 0, 0, 'i'),
(104, '90868', 'Demonstrate understanding of a variety of spoken Chinese texts on areas of most immediate relevance.', 5, 0, 0, 0, 0, 'e'),
(105, '90869', 'Give a spoken presentation in Chinese that communicates a personal response.', 4, 0, 0, 0, 0, 'i'),
(106, '90870', 'Interact using spoken Chinese to communicate personal information, ideas and opinions in different situations.', 5, 0, 0, 0, 0, 'i'),
(107, '90871', 'Demonstrate understanding of a variety of Chinese texts on areas of most immediate relevance.', 5, 0, 0, 0, 0, 'e'),
(108, '90872', 'Write a variety of text types in Chinese on areas of most immediate relevance.', 5, 0, 0, 0, 0, 'i'),
(109, '90878', 'Demonstrate understanding of a variety of spoken French texts on areas of most immediate relevance.', 5, 0, 0, 0, 0, 'e'),
(110, '90879', 'Give a spoken presentation in French that communicates a personal response.', 4, 0, 0, 0, 0, 'i'),
(111, '90881', 'Demonstrate understanding of a variety French texts on areas of most immediate relevance.', 5, 0, 0, 0, 0, 'e'),
(112, '90882', 'Write a variety of text types in French on areas of most immediate relevance.', 5, 0, 0, 0, 0, 'i'),
(113, '90893', 'Demonstrate understanding of a variety of spoken Japanese texts relating to areas of most immediate relevance', 5, 0, 0, 0, 0, 'e'),
(114, '90894', 'Give a spoken presentation in Japanese that communicates a personal response.', 4, 0, 0, 0, 0, 'i'),
(115, '90896', 'Demonstrate understanding of a variety of Japanese texts relating on areas of most immediate relevance', 5, 0, 0, 0, 0, 'e'),
(116, '90897', 'Write a variety of text types on areas of most immediate relevance', 5, 0, 0, 0, 0, 'i'),
(117, '90908', 'Demonstrate understanding of a variety of spoken Spanish texts on areas of most immediate relevance.', 5, 0, 0, 0, 0, 'e'),
(118, '90909', 'Give a spoken presentation in Spanish that communicates a personal response.', 4, 0, 0, 0, 0, 'i'),
(119, '90911', 'Demonstrate understanding of a variety of Spanish texts on areas of most immediate relevance.', 5, 0, 0, 0, 0, 'e'),
(120, '90912', 'Write a variety of text types in Spanish on areas of most immediate relevance.', 5, 0, 0, 0, 0, 'i'),
(121, '90914', 'Use drawing processes and procedures', 4, 0, 0, 0, 0, 'i'),
(122, '90915', 'Use drawing conventions to develop work in more than one field of practice.', 6, 0, 0, 0, 0, 'i'),
(123, '90916', 'Produce a body of work informed by established practice, which develops ideas, using a range of media.', 12, 0, 0, 0, 0, 'e'),
(124, '90930', 'Carry out a practical chemistry investigation with direction', 4, 1, 0, 0, 0, 'i'),
(125, '90940', 'Demonstrate understanding of aspects of mechanics', 4, 1, 0, 0, 0, 'e'),
(126, '90942', 'Investigate implications of wave behaviour for everyday life', 4, 0, 1, 0, 0, 'i'),
(127, '90944', 'Demonstrate understanding of aspects of acids and bases', 4, 0, 0, 0, 0, 'e'),
(128, '90945', 'Investigate implications of the use of carbon compounds as fuels', 4, 0, 0, 0, 0, 'i'),
(129, '90948', 'Demonstrate understanding of biological ideas relating to genetic variation', 4, 0, 1, 0, 0, 'e'),
(130, '90949', 'Investigate life processes and environmental factors that affect them', 4, 0, 0, 0, 0, 'i'),
(131, '90952', 'Demonstrate understanding of the formation of surface features in New Zealand', 4, 0, 1, 0, 0, 'i'),
(132, '90953', 'Demonstrate understanding of carbon cycling', 4, 1, 0, 0, 0, 'i'),
(133, '90955', 'Investigate an astronomical or Earth science event', 4, 0, 1, 0, 0, 'i'),
(134, '90956', 'Demonstrate knowledge of an individuals nutritional needs.', 5, 0, 0, 0, 0, 'i'),
(135, '90959', 'Demonstrate knowledge of practices and strategies to address food handling issues.', 5, 0, 1, 0, 0, 'i'),
(136, '90961', 'Demonstrate understanding of how packaging information influences an individuals food choices and well-being.', 4, 0, 1, 0, 0, 'e'),
(137, '90962', 'Participate actively in a variety of physical activities and explain factors that influence own participation', 5, 0, 0, 0, 0, 'i'),
(138, '90963', 'Demonstrate understanding of the function of the body as it relates to the performance of physical activity', 5, 0, 1, 0, 0, 'i'),
(139, '90964', 'Demonstrate quality movement in the performance of a physical activity', 3, 0, 0, 0, 0, 'i'),
(140, '90966', 'Demonstrate interpersonal skills in a group and explain how these skills impact on others', 4, 0, 1, 0, 0, 'i'),
(141, '90967', 'Demonstrate strategies to improve the performance of a physical activity and describe the outcomes', 3, 0, 1, 0, 0, 'i'),
(142, '90976', 'Demonstrate understanding of accounting concepts for small entities.', 3, 0, 1, 0, 0, 'e'),
(143, '90977', 'Process financial transactions for a small entity', 5, 0, 0, 0, 0, 'i'),
(144, '90978', 'Prepare financial statements for sole proprietors.', 5, 0, 0, 0, 0, 'e'),
(145, '90980', 'Interpret accounting information for sole proprietors.', 4, 0, 1, 0, 0, 'e'),
(146, '90984', 'Demonstrate understanding of decisions a producer makes about production', 5, 0, 1, 0, 0, 'i'),
(147, '90986', 'Demonstrate understanding of how consumer, producer and/or government choices affect society using market equilibrium', 5, 0, 1, 0, 0, 'e'),
(148, '90988', 'Demonstrate understanding of the independence of sectors of the New Zealand economy', 3, 0, 1, 0, 0, 'i'),
(149, '90979', 'Prepare financial information for a community organisation''s annual general meeting.', 4, 0, 1, 0, 0, 'i'),
(150, '90997', 'Devise and perform a drama', 5, 0, 1, 0, 0, 'i'),
(151, '90999', 'Use features of a drama/theatre form in a performance', 4, 0, 1, 0, 0, 'i'),
(152, '91001', 'Carry out an investigation of an historical event, or place, of significance to New Zealanders', 4, 0, 1, 0, 0, 'i'),
(153, '91002', 'Demonstrate understanding of how an historical event, or place, of significance to New Zealanders', 4, 0, 1, 0, 0, 'i'),
(154, '91004', 'Demonstrate understanding of different perspectives of people in an historical event of significance to New Zealanders.', 4, 0, 1, 0, 0, 'i'),
(155, '91005', 'Describe the causes and consequences of an historical event', 4, 0, 1, 0, 0, 'e'),
(156, '91006', 'Describe the causes and consequences of an historical event', 4, 0, 1, 0, 0, 'e'),
(157, '91007', 'Demonstrate geographic understanding of environments that have been shaped by extreme natural event(s)', 4, 0, 1, 0, 0, 'e'),
(158, '91008', 'Demonstrate geographic understanding of population concepts', 4, 0, 1, 0, 0, 'e'),
(159, '91010', 'Apply concepts and basic geographic skills to demonstrate understanding of a given environment', 4, 1, 0, 0, 0, 'e'),
(160, '91011', 'Conduct geographic research with direction', 4, 1, 1, 0, 0, 'i'),
(161, '91012', 'Describe aspects of a contemporary New Zealand geographic issue', 3, 0, 1, 0, 0, 'i'),
(162, '91013', 'Describe aspects of a geographic topic at a global scale', 3, 0, 1, 0, 0, 'i'),
(163, '91026', 'Apply numeric reasoning in solving problems.', 4, 1, 0, 0, 0, 'i'),
(164, '91026', 'Apply numeric reasoning in solving problems', 4, 0, 0, 0, 0, 'i'),
(165, '91027', 'Apply algebraic methods in solving problems.', 4, 1, 0, 0, 0, 'e'),
(166, '91028', 'Investigate relationship between tables, equations and graphs.', 4, 1, 0, 0, 0, 'e'),
(167, '91030', 'Apply measurement in solving problems', 3, 0, 0, 0, 0, 'i'),
(168, '91031', 'Apply geometric reasoning in solving problems.', 4, 1, 0, 0, 0, 'e'),
(169, '91032', 'Apply right-angled triangles in solving measurement problems', 3, 1, 0, 0, 0, 'i'),
(170, '91036', 'Investigate bivariate numerical data using the statistical enquiry cycle.', 3, 1, 1, 0, 0, 'i'),
(171, '91046', 'Use design ideas to produce a conceptual design for an outcome to address a brief. (Design process)', 6, 0, 0, 0, 0, 'i'),
(172, '91047', 'Undertake development to make a prototype to address a brief', 6, 0, 0, 0, 0, 'i'),
(173, '91048', 'Demonstrate understanding of how technological modelling supports decision-making', 4, 0, 1, 0, 0, 'e'),
(174, '91053', 'Demonstrate understanding of design elements.', 3, 0, 0, 0, 0, 'e'),
(175, '91057', 'Implement basic procedures using resistant materials to make a specified product', 6, 0, 0, 0, 0, 'i'),
(176, '91058', 'Implement basic procedures using textile material to make a specified product.', 6, 0, 0, 0, 0, 'i'),
(177, '91059', 'Demonstrate understanding of basic concepts used to make products from resistant materials', 4, 0, 1, 0, 0, 'i'),
(178, '91063', 'Produce freehand sketches that communicate design ideas', 3, 0, 0, 0, 0, 'e'),
(179, '91065', 'Produce instrumental paraline drawings to communicate design ideas', 3, 1, 0, 0, 0, 'e'),
(180, '91066', 'Use rendering techniques to communicate the form of design ideas', 3, 0, 0, 0, 0, 'i'),
(181, '91067', 'Use the work of an influential designer to inform design ideas', 3, 0, 0, 0, 0, 'i'),
(182, '91068', 'Undertake development of design ideas through graphics practice', 6, 0, 0, 0, 0, 'i'),
(183, '91076', 'Construct a basic computer program for s specified task (Programming in Python)', 3, 0, 0, 0, 0, 'i'),
(184, '91082', 'Implement basic procedures to process a specified product', 4, 0, 0, 0, 0, 'i'),
(185, '91085', 'Whakarongo kia ki mohio te reo o tona ao. Listening', 6, 0, 1, 0, 0, 'i'),
(186, '91086', 'Korero kia whakamahi i te reo o tona ao. Speaking', 6, 0, 1, 0, 0, 'i'),
(187, '91087', 'Panui kia mohio ki te reo o tona ao. Reading', 6, 0, 1, 0, 0, 'e'),
(188, '91088', 'Tuhi i te reo o tona ao. Writing', 6, 0, 1, 0, 0, 'e'),
(189, '91089', 'Waihanga tuhinga i te reo o tona ao. Writing', 6, 0, 1, 0, 0, 'i'),
(190, '91090', 'Perform two pieces of music as a featured soloist', 6, 0, 0, 0, 0, 'i'),
(191, '91091', 'Demonstrate ensemble skills through performing a piece of music as a member of a group', 4, 0, 0, 0, 0, 'i'),
(192, '91092', 'Compose two original pieces of music', 6, 0, 0, 0, 0, 'i'),
(193, '91093', 'Demonstrate aural and theoretical skills through transcription', 4, 0, 0, 0, 0, 'e'),
(194, '91094', 'Demonstrate knowledge of conventions used in music scores', 4, 0, 1, 0, 0, 'e'),
(195, '91095', 'Demonstrate aural understanding through written representation', 6, 0, 1, 0, 0, 'i'),
(196, '91096', 'Make basic adaptations to a pattern to enable a design to fit a person or item.', 4, 0, 0, 0, 0, 'i'),
(197, '91098', 'Analyse specified aspect(s) of studied written text(s), supported by evidence', 4, 0, 0, 1, 1, 'e'),
(198, '91099', 'Analyse specified aspect(s) of studied visual or oral text(s), supported by evidence', 4, 0, 0, 0, 1, 'e'),
(199, '91100', 'Analyse significant aspects of unfamiliar written text(s) through close reading, supported by evidence', 4, 0, 0, 1, 1, 'e'),
(200, '91101', 'Produce a selection of crafted and controlled writing', 6, 0, 0, 0, 1, 'i'),
(201, '91102', 'Construct and deliver a crafted, controlled oral text', 3, 0, 0, 0, 0, 'i'),
(202, '91104', 'Analyse significant connections across texts, supported by evidence', 4, 0, 0, 0, 0, 'i'),
(203, '91105', 'Use information literacy skills to form developed conclusion(s)', 4, 0, 0, 1, 0, 'i'),
(204, '91106', 'Form developed personal responses to independently read texts, supported by evidence', 4, 0, 0, 1, 0, 'i'),
(205, '91108', 'Demonstrate understanding of a variety of spoken Chinese texts on familiar matters', 5, 0, 0, 0, 0, 'e'),
(206, '91109', 'Interact using spoken Chinese to share information and justify ideas and opinions in different situations', 5, 0, 0, 0, 0, 'i'),
(207, '91110', 'Give a spoken presentation in Chinese that communicates information, ideas and opinions', 4, 0, 0, 0, 0, 'i'),
(208, '91111', 'Demonstrate understanding of a variety of written and/or visual Chinese text(s) on familiar matters', 5, 0, 0, 0, 0, 'e'),
(209, '91112', 'Write a variety of text types in Chinese to convey information, ideas, and opinions in genuine contexts', 5, 0, 0, 0, 0, 'i'),
(210, '91118', 'Demonstrate understanding of a variety of spoken French texts on familiar matters', 5, 0, 0, 0, 0, 'e'),
(211, '91119', 'Interact using spoken French to share information and justify ideas and opinions in different situations', 5, 0, 0, 0, 0, 'i'),
(212, '91121', 'Demonstrate understanding of a variety of written and/or visual French text(s) on familiar matters', 5, 0, 0, 0, 0, 'e'),
(213, '91122', 'Write a variety of text types in French to convey information, ideas, and opinions in genuine contexts', 5, 0, 0, 0, 0, 'i'),
(214, '91133', 'Demonstrate understanding of a variety of spoken Japanese texts on familiar matters', 5, 0, 0, 0, 0, 'e'),
(215, '91135', 'Give a spoken presentation in Japanese that communicates information, ideas and opinions', 4, 0, 0, 0, 0, 'i'),
(216, '91136', 'Demonstrate understanding of a variety of written/or visual Japanese text(s) on familiar matters', 5, 0, 0, 0, 0, 'e'),
(217, '91137', 'Write a variety of text types in Japanese to convey information, ideas, and opinions in genuine contexts', 5, 0, 0, 0, 0, 'i'),
(218, '91148', 'Demonstrate understanding of a variety of spoken Spanish texts on familiar matters', 5, 0, 0, 0, 0, 'e'),
(219, '91149', 'Interact using spoken Spanish to share information and justify ideas and opinions in different situations', 5, 0, 0, 0, 0, 'i'),
(220, '91151', 'Demonstrate understanding of a variety of written and/or visual Spanish text(s) on familiar matters', 5, 0, 0, 0, 0, 'e'),
(221, '91152', 'Write a variety of text types in Spanish to convey information, ideas, and opinions in genuine contexts', 5, 0, 0, 0, 0, 'i'),
(222, '91153', 'Carry out a practical investigation in a biological context', 4, 0, 0, 0, 0, 'i'),
(223, '91156', 'Demonstrate understanding of life processes at the cellular level', 4, 0, 0, 0, 0, 'e'),
(224, '91157', 'Demonstrate understanding of genetic variation and change.', 4, 0, 0, 0, 0, 'e'),
(225, '91158', 'Investigate a pattern in an ecological community, with supervision', 4, 0, 0, 0, 0, 'i'),
(226, '91159', 'Demonstrate understanding of gene expression', 4, 0, 0, 0, 0, 'e'),
(227, '91161', 'Carry out quantitative analysis', 4, 0, 0, 0, 0, 'i'),
(228, '91162', 'Carry out procedures to identify ions present in solution', 3, 0, 0, 0, 0, 'i'),
(229, '91164', 'Demonstrate understanding of bonding, structure and energy changes', 5, 0, 0, 0, 0, 'e'),
(230, '91165', 'Demonstrate understanding of the properties of selected organic compounds', 4, 0, 0, 0, 0, 'e'),
(231, '91166', 'Demonstrate understanding of chemical reactivity', 4, 0, 0, 0, 0, 'e'),
(232, '91168', 'Carry out a practical physics investigation that leads to a non-linear mathematical relationship', 4, 0, 0, 0, 0, 'i'),
(233, '91170', 'Demonstrate understanding of waves', 4, 0, 0, 0, 0, 'e'),
(234, '91171', 'Demonstrate understanding of mechanics', 6, 0, 0, 0, 0, 'e'),
(235, '91173', 'Demonstrate understanding of electricity and electromagnetism', 6, 0, 0, 0, 0, 'e'),
(236, '91175', 'Demonstrate understanding of accounting processing using accounting software', 4, 0, 0, 0, 0, 'i'),
(237, '91176', 'Prepare financial information for an entity that operates accounting subsystems', 5, 0, 0, 0, 0, 'e'),
(238, '91177', 'Interpret accounting information for entities that operate accounting subsystems', 4, 0, 0, 0, 0, 'e'),
(239, '91179', 'Demonstrate understanding of an accounts receivable subsystem for an entity', 3, 0, 0, 0, 0, 'i'),
(240, '91187', 'Carry out a practical Earth and Space Science investigation', 4, 0, 0, 0, 0, 'i'),
(241, '91188', 'Examine an Earth and Space Science issue and the validity of the information communicated to the public', 4, 0, 0, 0, 0, 'i'),
(242, '91191', 'Demonstrate understanding of the causes of extreme Earth events in New Zealand', 4, 0, 0, 0, 0, 'e'),
(243, '91192', 'Demonstrate understanding of stars and planetary systems', 4, 0, 0, 0, 0, 'e'),
(244, '91200', 'Examine ideas and values of the classical world.', 4, 0, 0, 1, 1, 'e'),
(245, '91201', 'Examine the significance of features of work(s) of art in the classical world.', 4, 0, 0, 1, 1, 'e'),
(246, '91202', 'Examine a significant event in the classical world', 4, 0, 0, 1, 0, 'i'),
(247, '91203', 'Demonstrate understanding of socio-political life in the classical world', 6, 0, 0, 1, 1, 'e'),
(248, '91204', 'Demonstrate understanding of the relationship between aspects of the classical world and aspects of other cultures', 6, 0, 0, 1, 0, 'i'),
(249, '91213', 'Apply drama techniques in a scripted context', 4, 0, 0, 1, 0, 'i'),
(250, '91214', 'Devise and perform a drama to realise an intention', 5, 0, 0, 0, 0, 'i'),
(251, '91216', 'Use complex performance skills associated with a drama or theatre form or period', 4, 0, 0, 1, 0, 'i'),
(252, '91218', 'Perform a substantial acting role in a scripted production', 5, 0, 0, 1, 0, 'i'),
(253, '91219', 'Discuss drama elements, techniques, conventions and technologies within live performance', 4, 0, 0, 0, 1, 'e'),
(254, '91222', 'Analyse inflation using economic concepts and models', 4, 0, 0, 0, 1, 'e'),
(255, '91224', 'Analyse economic growth using economic concepts and models', 4, 0, 0, 0, 1, 'e'),
(256, '91227', 'Analyse how government policies and contemporary economic issues interact', 6, 0, 0, 1, 0, 'i'),
(257, '91228', 'Analyse a contemporary economic issue of special interest using economic concepts and models', 4, 0, 0, 1, 0, 'i'),
(258, '91229', 'Carry out an inquiry of an historical event, or place, of significance to New Zealanders', 4, 0, 0, 1, 0, 'i'),
(259, '91229', 'Carry out an inquiry of an historical event, or place, of significance to New Zealanders', 4, 0, 0, 1, 0, 'i'),
(260, '91230', 'Examine an historical event, or place, of significiance to New Zealand', 5, 0, 0, 1, 0, 'i'),
(261, '91232', 'Interpret different perspectives of people in an historical event of significance to New Zealanders', 5, 0, 0, 1, 0, 'i'),
(262, '91233', 'Examine the causes and consequences of an historical event', 5, 0, 0, 1, 1, 'e'),
(263, '91241', 'Demonstrate geographic understanding of an urban pattern', 3, 0, 0, 0, 0, 'i'),
(264, '91242', 'Demonstrate geographic understanding of differences in development', 4, 0, 0, 1, 1, 'e'),
(265, '91244', 'Conduct geographic research with guidance', 5, 0, 0, 0, 0, 'i'),
(266, '91245', 'Explain aspects of a contemporary geographic issue', 3, 0, 0, 0, 0, 'i'),
(267, '91246', 'Explain aspects of a geographic topic at a global scale', 3, 0, 0, 0, 0, 'i'),
(268, '91249', 'Demonstrate understanding of narrative in media texts', 4, 0, 0, 0, 0, 'i'),
(269, '91250', 'Demonstrate understanding of representation in the media', 3, 0, 0, 0, 0, 'i'),
(270, '91251', 'Demonstrate understanding of an aspect of a media genre', 4, 0, 0, 1, 1, 'e'),
(271, '91252', 'Produce a design and plan for a developed media product using a range of conventions', 4, 0, 0, 0, 0, 'i'),
(272, '91253', 'Complete a developed media product from a design and plan using a range of conventions', 6, 0, 0, 0, 0, 'i'),
(273, '91254', 'Demonstrate understanding of issue in the media', 3, 0, 0, 0, 0, 'i'),
(274, '91256', 'Apply coordinate geometry methods in solving problems', 2, 0, 0, 0, 0, 'i'),
(275, '91257', 'Apply graphical methods in solving problems', 4, 0, 0, 0, 0, 'i'),
(276, '91259', 'Apply trigonometric relationships in solving problems', 3, 0, 0, 0, 0, 'i'),
(277, '91260', 'Apply network methods in solving problems', 2, 0, 0, 0, 0, 'i'),
(278, '91261', 'Apply algebraic methods in solving problems', 4, 0, 0, 0, 0, 'e'),
(279, '91262', 'Apply calculus methods in solving problems', 5, 0, 0, 0, 0, 'e'),
(280, '91264', 'Use statistical methods to make an inference', 4, 0, 0, 0, 0, 'i'),
(281, '91267', 'Apply probability methods in solving problems', 4, 0, 0, 0, 0, 'e'),
(282, '91268', 'Investigate a situation involving elements of chance using a simulation', 2, 0, 0, 0, 0, 'i'),
(283, '91269', 'Apply systems of equations in solving problems', 2, 0, 0, 0, 0, 'i'),
(284, '91270', 'Perform two substantial pieces of music as a featured soloist', 6, 0, 0, 0, 0, 'i'),
(285, '91271', 'Compose two substantial pieces of music', 6, 0, 0, 0, 0, 'i'),
(286, '91272', 'Demonstrate ensemble skills by performing a substantial piece of music as a member of a group', 4, 0, 0, 0, 0, 'i'),
(287, '91273', 'Devise an instrumentation for an ensemble', 4, 0, 0, 0, 0, 'i'),
(288, '91274', 'Perform a substantial piece of music as a featured soloist on a second instrument', 3, 0, 0, 0, 0, 'i'),
(289, '91275', 'Demonstrate aural understanding through written representation', 4, 0, 0, 0, 0, 'e'),
(290, '91276', 'Demonstrate knowledge of conventions in a range of music scores', 4, 0, 0, 0, 0, 'e'),
(291, '91278', 'Investigate an aspect of New Zealand music', 4, 0, 0, 0, 0, 'i'),
(292, '91284', 'Whakarongo kia mohio ki te reo o te ao torotoro Listening', 4, 0, 0, 0, 0, 'i'),
(293, '91285', 'Korero kia whakamahi I te reo o te ao torortoro Speaking', 6, 0, 0, 0, 0, 'i'),
(294, '91286', 'Panui kia mohio ki te reo o te ao torotoro Reading', 6, 0, 0, 0, 0, 'e'),
(295, '91287', 'Tuhi I te reo o te ao torotoro Writing', 6, 0, 0, 0, 0, 'e'),
(296, '91288', 'Waihanga tuhinga I te reo o te ao torotoro', 6, 0, 0, 0, 0, 'i'),
(297, '91299', 'Analyse issues related to the provision of food for people with specific food needs', 5, 0, 0, 0, 0, 'i'),
(298, '91300', 'Analyse the relationship between well-being, food choices and determinants of health', 4, 0, 0, 0, 1, 'e'),
(299, '91301', 'Analyse beliefs, attitudes and practices related to nutritional issue for families in New Zealand', 5, 0, 0, 0, 0, 'i'),
(300, '91302', 'Evaluate sustainable food related practices', 5, 0, 0, 0, 0, 'i'),
(301, '91310', 'Use drawing methods to apply knowledge of conventions appropriate to Design', 4, 0, 0, 0, 0, 'i'),
(302, '91311', 'Use drawing methods to apply knowledge of conventions appropriate to painting', 4, 0, 0, 0, 0, 'i'),
(303, '91312', 'Use drawing methods to apply knowledge of conventions appropriate to photography', 4, 0, 0, 0, 0, 'i'),
(304, '91317', 'Develop ideas in a related series of drawings appropriate to established photography practice.', 4, 0, 0, 0, 0, 'i'),
(305, '91321', 'Produce a systematic body of work that shows understanding of art making conventions and ideas within painting, sculpture or design.', 12, 0, 0, 0, 0, 'e'),
(306, '91322', 'Produce a systematic body of work that shows understanding of art making conventions and ideas within photography', 12, 0, 0, 0, 0, 'e'),
(307, '91324', 'Use drawing methods to apply knowledge of conventions appropriate to Sculpture', 4, 0, 0, 0, 0, 'i'),
(308, '91328', 'Demonstrate understanding of how and why biophysical principles relate to the learning of physical skills', 5, 0, 0, 0, 0, 'i'),
(309, '91329', 'Demonstrate understanding of the application of biophysical principles to training for physical activity', 4, 0, 0, 0, 0, 'i'),
(310, '91330', 'Perform a physical activity in an applied setting', 4, 0, 0, 0, 0, 'i'),
(311, '91333', 'Analyse the application of risk management strategies to a challenging outdoor activity', 3, 0, 0, 0, 0, 'i'),
(312, '91335', 'Examine the implementation and ouscome(s) of a physical activity event or opportunity', 3, 0, 0, 0, 0, 'i'),
(313, '91337', 'Use visual communication techniques to generate design ideas', 3, 0, 0, 0, 0, 'e'),
(314, '91340', 'Use the characteristics of a design movement or era to inform own design ideas', 3, 0, 0, 0, 0, 'i'),
(315, '91341', 'Develop a spatial design through graphics practice', 6, 0, 0, 0, 0, 'i'),
(316, '91342', 'Develop a product design through graphics practice', 6, 0, 0, 0, 0, 'i'),
(317, '91343', 'Use visual communication techniques to compose a presentation of design', 4, 0, 0, 0, 0, 'i'),
(318, '91344', 'Implement advanced procedures using resistant materials to make a specified product with special features', 6, 0, 0, 0, 0, 'i'),
(319, '91345', 'Implement advanced procedures using textiles materials to make a specified product with special features', 6, 0, 0, 0, 0, 'i'),
(320, '91347', 'Demonstrate understanding of advanced concepts used to make products', 4, 0, 0, 0, 0, 'i'),
(321, '91350', 'Make advanced adaptations to a pattern to change structural and style features of a design', 4, 0, 0, 0, 0, 'i'),
(322, '91356', 'Develop a conceptual design for an outcome', 6, 0, 0, 0, 0, 'i'),
(323, '91356', 'Develop a conceptual design for an outcome', 6, 0, 0, 0, 0, 'i'),
(324, '91357', 'Undertake effective development to make and trial a prototype', 6, 0, 0, 0, 0, 'i'),
(325, '91363', 'Demonstrate understanding of sustainability in design', 4, 0, 0, 0, 0, 'e'),
(326, '91367', 'Demonstrate understanding of advanced concepts relating to managing shared information within information systems', 3, 0, 0, 0, 0, 'e'),
(327, '91368', 'Implement advanced procedures to produce a specified digital information outcome with dynamically linked data', 6, 0, 0, 0, 0, 'i'),
(328, '91370', 'Implement advanced procedures to produce a specified digital media outcome', 4, 0, 0, 0, 0, 'i'),
(329, '91371', 'Demonstrate understanding of advanced concepts from computer science', 4, 0, 0, 0, 0, 'e'),
(330, '91372', 'Construct a plan for an advanced computer program for a specified task', 3, 0, 0, 0, 0, 'i'),
(331, '91373', 'Construct an advanced computer program for a specified task', 3, 0, 0, 0, 0, 'i'),
(332, '91379', 'Demonstrate understanding of how internal factors interact within a business that operates in a global context', 4, 0, 0, 1, 1, 'e'),
(333, '91380', 'Demonstrate understanding of strategic response to externals factors by a business that operates in a global context', 4, 0, 0, 1, 1, 'e'),
(334, '91383', 'Analyse a human resource issue affecting business', 3, 0, 0, 1, 0, 'i'),
(335, '91384', 'Carry out with consultation, an innovative and sustainable business activity', 9, 0, 0, 1, 0, 'i'),
(336, '91386', 'Demonstrate understanding of an inventory subsystem for an entity', 3, 0, 0, 0, 0, 'i'),
(337, '91388', 'Demonstrate understanding of spectroscopic data in Chemistry', 3, 0, 0, 0, 0, 'i'),
(338, '91390', 'Demonstrate understanding of thermochemical principles and properties of particles and substances', 5, 0, 0, 0, 0, 'e'),
(339, '91391', 'Demonstrate understanding of the properties of organic compounds', 5, 0, 0, 0, 0, 'e'),
(340, '91392', 'Demonstrate understanding of equilibrium principles in aqueous systems', 5, 0, 0, 0, 0, 'e'),
(341, '91393', 'Demonstrate understanding of oxidation-reduction processes', 3, 0, 0, 0, 0, 'i'),
(342, '91394', 'Analyse ideas and values of the classical world', 4, 0, 0, 1, 1, 'e'),
(343, '91396', 'Analyse the impact of a significant historical figure on the classical world', 6, 0, 0, 1, 1, 'e'),
(344, '91397', 'Demonstrate understanding of significant ideology(ies) in the classical world', 6, 0, 0, 1, 0, 'i'),
(345, '91398', 'Demonstrate understanding of the lasting influences of the classical world on other cultures across time', 6, 0, 0, 1, 0, 'i'),
(346, '91399', 'Demonstrate understanding of the efficiency of market equilibrium', 4, 0, 0, 1, 1, 'e'),
(347, '91400', 'Demonstrate understanding of the efficiency of different market structures using marginal analysis', 4, 0, 0, 1, 1, 'e'),
(348, '91401', 'Demonstrate understanding of micro-economic concepts', 5, 0, 0, 1, 0, 'i'),
(349, '91402', 'Demonstrate understanding of government interventions to correct market failures', 5, 0, 0, 1, 0, 'i'),
(350, '91403', 'Demonstrate understanding of macro-economic influences on the NZ economy', 6, 0, 0, 1, 1, 'e'),
(351, '91405', 'Demonstrate understanding of accounting for partnerships', 4, 0, 0, 0, 0, 'i'),
(352, '91406', 'Demonstrate understanding of company financial statement preparation', 5, 0, 0, 0, 0, 'e'),
(353, '91407', 'Prepare a report for an external user that interprets the annual report of a New Zealand reporting entity', 5, 0, 0, 1, 1, 'i'),
(354, '91408', 'Demonstrate understanding of management accounting to inform decision-making', 4, 0, 0, 0, 0, 'e'),
(355, '91409', 'Demonstrate understanding of a job cost subsystem for an entity', 4, 0, 0, 0, 0, 'i'),
(356, '91410', 'Carry out an independent practical Earth and Space Science investigation', 4, 0, 0, 1, 1, 'i'),
(357, '91411', 'Investigate a socio-scientific issue in an Earth and Space Science context', 4, 0, 0, 1, 1, 'i'),
(358, '91412', 'Investigate the evidence related to dating geological event(s)', 4, 0, 0, 0, 0, 'i'),
(359, '91413', 'Demonstrate understanding of processes in the ocean system', 4, 0, 0, 1, 1, 'e'),
(360, '91414', 'Demonstrate understanding of processes in the atmosphere system', 4, 0, 0, 1, 1, 'e'),
(361, '91415', 'Investigate an aspect of astronomy', 4, 0, 0, 1, 0, 'i'),
(362, '91416', 'Perform two programmes of music as a featured soloist', 8, 0, 0, 0, 0, 'i'),
(363, '91417', 'Perform a programme of music as a featured soloist on a second instrument', 4, 0, 0, 0, 0, 'i'),
(364, '91418', 'Demonstrate ensemble skills by performing two substantial pieces of music as a member of a group', 4, 0, 0, 0, 0, 'i'),
(365, '91419', 'Communicate musical intention by composing three original pieces of music', 8, 0, 0, 0, 0, 'i'),
(366, '91420', 'Integrate aural skills into written representation', 4, 0, 0, 0, 0, 'e'),
(367, '91421', 'Demonstrate understanding of harmonic and tonal conventions in a range of music scores', 4, 0, 0, 0, 0, 'e'),
(368, '91422', 'Analyse a substantial music work', 4, 0, 0, 0, 0, 'i'),
(369, '91424', 'Create two arrangements for an ensemble', 4, 0, 0, 0, 0, 'i'),
(370, '91425', 'Research a music topic', 6, 0, 0, 0, 0, 'i'),
(371, '91427', 'Demonstrate understanding of how a cultural process shapes geographic environment(s)', 4, 0, 0, 1, 1, 'e'),
(372, '91428', 'Analyse a significant contemporary event form a geographic perspective', 3, 0, 0, 1, 0, 'i'),
(373, '91430', 'Conduct geographic research with consultation', 5, 0, 0, 0, 0, 'i'),
(374, '91431', 'Analyse aspects of a contemporary geographic issue', 3, 0, 0, 1, 0, 'i'),
(375, '91432', 'Analyse aspects of a geographic topic at a global scale', 3, 0, 0, 0, 0, 'i'),
(376, '91434', 'Research an historical event or place of significance to New Zealand, using primary and secondary sources', 5, 0, 0, 1, 0, 'i'),
(377, '91435', 'Analyse an historical event, or place, of significance to New Zealanders', 5, 0, 0, 1, 0, 'i'),
(378, '91437', 'Analyse different perspectives of a contested event of significance to New Zealanders', 5, 0, 0, 1, 0, 'i'),
(379, '91439', 'Analyse a significant historical trend and the force(s) that influenced it', 6, 0, 0, 1, 1, 'e'),
(380, '91445', 'Use drawing to demonstrate understanding of conventions appropriate to design', 4, 0, 0, 0, 0, 'i'),
(381, '91446', 'Use drawing to demonstrate understanding of conventions appropriate to painting', 4, 0, 0, 0, 0, 'i'),
(382, '91447', 'Use drawing to demonstrate understanding of conventions appropriate to photography', 4, 0, 0, 0, 0, 'i'),
(383, '91450', 'Systematically clarify ideas using drawing informed by established design practice', 4, 0, 0, 0, 0, 'i'),
(384, '91451', 'Systematically clarify ideas using drawing informed by established painting practice', 4, 0, 0, 0, 0, 'i'),
(385, '91452', 'Systematically clarify ideas using drawing informed by established photography practice', 4, 0, 0, 0, 0, 'i'),
(386, '91455', 'Produce a systematic body of work that integrates conventions and regenerates ideas within design practice', 14, 0, 0, 0, 0, 'e'),
(387, '91456', 'Produce a systematic body of work that integrates conventions and regenerates ideas within painting practice', 14, 0, 0, 0, 0, 'e'),
(388, '91457', 'Produce a systematic body of work that integrates conventions and regenerates ideas within photography practice', 14, 0, 0, 0, 0, 'e'),
(389, '91466', 'Investigate a nutritional issue affecting the well-being of society', 5, 0, 0, 1, 0, 'i'),
(390, '91468', 'Analyse a food related ethical dilemma for New Zealand Society', 5, 0, 0, 1, 0, 'i'),
(391, '91470', 'Evaluate conflicting nutritional information relevant to well-being in New Zealand society', 4, 0, 0, 1, 1, 'e'),
(392, '91471', 'Analyse the influence of food advertising on wellbeing', 4, 0, 0, 0, 1, 'e'),
(393, '91472', 'Respond critically to specified aspect(s) of studied written text(s) supported by evidence.', 4, 0, 0, 1, 1, 'e'),
(394, '91473', 'Respond critically to specified aspect(s) of studied visual or oral text(s) supported by evidence', 4, 0, 0, 0, 1, 'e'),
(395, '91474', 'Respond critically to specified aspects of unfamiliar text(s) supported by evidence', 4, 0, 0, 1, 1, 'e'),
(396, '91475', 'Produce a selection of fluent and coherent writing which develops, sustains, and structures ideas', 6, 0, 0, 0, 1, 'i'),
(397, '91476', 'Create and deliver a fluent and coherent oral text which develops, sustains, and structures ideas', 3, 0, 0, 0, 0, 'i'),
(398, '91478', 'Respond critically to significant connections across texts, supported by evidence', 4, 0, 0, 0, 0, 'i'),
(399, '91479', 'Develop an informal understanding of literature and/or language using critical texts', 4, 0, 0, 1, 0, 'i'),
(400, '91482', 'Demonstrate understanding of style in art works', 4, 0, 0, 1, 1, 'e'),
(401, '91483', 'Describe the meaning of iconographic motifs', 4, 0, 0, 1, 1, 'e'),
(402, '91484', 'Examine the relationship(s) between art and context', 4, 0, 0, 1, 1, 'e'),
(403, '91485', 'Examine the impact of media and processes on art works', 4, 0, 0, 1, 0, 'i'),
(404, '91486', 'Construct an argument based on interpretation of research in art history', 4, 0, 0, 1, 0, 'i'),
(405, '91487', 'Examine the different values placed on art works', 4, 0, 0, 1, 0, 'i'),
(406, '91490', 'Demonstrate understanding of an aspect of media industry.', 4, 0, 0, 1, 1, 'e'),
(407, '91491', 'Demonstrate understanding of the meaning of a media text through different readings', 3, 0, 0, 0, 0, 'i'),
(408, '91492', 'Demonstrate understanding of the media representation of an aspect of New Zealand culture or society', 3, 0, 0, 1, 1, 'i'),
(409, '91493', 'Demonstrate understanding of a relationship between a media genre and society', 4, 0, 0, 0, 0, 'e'),
(410, '91494', 'Produce a design for a media product that meets the requirements of a brief.', 4, 0, 0, 0, 0, 'i'),
(411, '91495', 'Produce a media product to meet the requirements of a brief', 6, 0, 0, 0, 0, 'i'),
(412, '91496', 'Demonstrate understanding of a significant development in the media', 3, 0, 0, 0, 0, 'i'),
(413, '91497', 'Write a media text to meet the requirements of a brief', 3, 0, 0, 0, 1, 'i'),
(414, '91499', 'Analyse a physical skill performed by self or others', 3, 0, 0, 0, 0, 'i'),
(415, '91500', 'Evaluate the effectiveness of a performance improvement programme', 4, 0, 0, 0, 0, 'i'),
(416, '91501', 'Demonstrate quality performance of a physical activity in an applied setting', 4, 0, 0, 0, 0, 'i'),
(417, '91503', 'Evaluate the use of health promotion to influence participation in physical activity', 3, 0, 0, 0, 0, 'i'),
(418, '91504', 'Analyse issues in safety management for outdoor activity to devise safety management strategies', 3, 0, 0, 0, 0, 'i'),
(419, '91512', 'Interpret scripted text to integrate drama techniques in performance', 4, 0, 0, 1, 0, 'i'),
(420, '91513', 'Devise and perform a drama to realise a concept', 5, 0, 0, 0, 0, 'i'),
(421, '91515', 'Select and use complex performance skills associated with a drama form or period', 4, 0, 0, 1, 0, 'i'),
(422, '91517', 'Perform a substantial acting role in a significant production', 5, 0, 0, 1, 0, 'i'),
(423, '91518', 'Demonstrate understanding of live drama performance', 4, 0, 0, 0, 1, 'e'),
(424, '91523', 'Demonstrate understanding of wave systems', 4, 0, 0, 0, 0, 'e'),
(425, '91524', 'Demonstrate understanding of mechanical systems', 6, 0, 0, 0, 0, 'e'),
(426, '91525', 'Demonstrate understanding of Modern Physics', 3, 0, 0, 0, 0, 'i'),
(427, '91526', 'Demonstrate understanding of electrical systems', 6, 0, 0, 0, 0, 'e'),
(428, '91533', 'Demonstrate understanding of a variety of extended spoken Chinese texts', 5, 0, 0, 0, 0, 'e'),
(429, '91533', 'Demonstrate understanding of a variety of extended spoken Japanese texts', 5, 0, 0, 0, 0, 'e'),
(430, '91534', 'Give a clear spoken presentation in Chinese that communicates a personal response to stimulus material', 3, 0, 0, 0, 0, 'i'),
(431, '91535', 'Interact clearly using spoken Chinese to explore and justify varied ideas and perspectives in different situations', 6, 0, 0, 0, 0, 'i'),
(432, '91536', 'Demonstrate understanding of a variety of Chinese texts on areas of most immediate relevance', 5, 0, 0, 0, 0, 'e'),
(433, '91537', 'Write a variety of text types in clear Chinese to explore and justify varied ideas and perpectives', 5, 0, 0, 0, 0, 'i'),
(434, '91543', 'Demonstrate understanding of a variety of extended spoken French texts', 5, 0, 0, 0, 0, 'e'),
(435, '91545', 'Interact clearly using spoken French to explore and justify varied ideas and perspectives in different situations', 6, 0, 0, 0, 0, 'i'),
(436, '91546', 'Demonstrate understanding of a variety of extended written and/or visual French texts', 5, 0, 0, 0, 0, 'e'),
(437, '91547', 'Write a variety of text types in clear French to explore and justify varied ideas and perspectives', 5, 0, 0, 0, 0, 'i'),
(438, '91555', 'Interact clearly using spoken Japanese to explore and justify varied ideas and perspectives in different situations', 6, 0, 0, 0, 0, 'i'),
(439, '91556', 'Demonstrate understanding of a variety of extended written and/or visual Japanese texts', 5, 0, 0, 0, 0, 'e'),
(440, '91557', 'Write a variety of text types in clear Japanese to explore and justify varied ideas and perspectives', 5, 0, 0, 0, 0, 'i'),
(441, '91568', 'Demonstrate understanding of a variety of extended spoken Spanish texts', 5, 0, 0, 0, 0, 'e'),
(442, '91569', 'Give a clear spoken presentation in Spanish that communicates a critical response to stimulus material', 3, 0, 0, 0, 0, 'i'),
(443, '91570', 'Interact clearly using spoken Spanish to explore and justify varied ideas and perspectives in different situations', 6, 0, 0, 0, 0, 'i'),
(444, '91571', 'Demonstrate understanding of a variety of extended written and/or visual Spanish texts', 5, 0, 0, 0, 0, 'e'),
(445, '91572', 'Write a variety of text types in clear Spanish to explore and justify varied ideas and perspectives', 5, 0, 0, 0, 0, 'i'),
(446, '91573', 'Apply the geometry of conic sections in solving problems', 3, 0, 0, 0, 0, 'i'),
(447, '91574', 'Apply linear programming methods in solving problems', 3, 0, 0, 0, 0, 'i'),
(448, '91575', 'Apply trigonometric methods in solving problems', 4, 0, 0, 0, 0, 'i'),
(449, '91576', 'Use critical path analysis in solving problems', 2, 0, 0, 0, 0, 'i'),
(450, '91578', 'Apply differentiation methods in solving problems', 6, 0, 0, 0, 0, 'e'),
(451, '91579', 'Apply integration methods in solving problems', 6, 0, 0, 0, 0, 'e'),
(452, '91580', 'Investigate time series data', 4, 0, 0, 0, 0, 'i'),
(453, '91581', 'Investigate bivariate measurement data', 4, 0, 0, 0, 0, 'i'),
(454, '91582', 'Use statistical methods to make a formal inference', 4, 0, 0, 0, 0, 'i'),
(456, '91584', 'Evaluate statistically based reports', 4, 0, 0, 0, 1, 'e'),
(457, '91585', 'Apply probability concepts in solving problems', 4, 0, 0, 0, 0, 'e'),
(458, '91585', 'Apply probability concepts in solving problems', 4, 0, 0, 0, 0, 'e'),
(459, '91586', 'Apply probability distributions in solving problems', 4, 0, 0, 0, 0, 'e'),
(460, '91587', 'Apply systems of simultaneous equations in solving problems', 3, 0, 0, 0, 0, 'i'),
(461, '91603', 'Demonstrate understanding of the responses of plants and animals to their external environmental', 5, 0, 0, 1, 1, 'e'),
(462, '91604', 'Demonstrate understanding of how an animal maintains a stable internal environment', 3, 0, 0, 1, 0, 'i'),
(463, '91605', 'Demonstrate understanding of evolutionary processes leading to speciation', 4, 0, 0, 1, 1, 'e'),
(464, '91606', 'Demonstrate understanding of trends in human evolution', 4, 0, 0, 1, 1, 'e'),
(465, '91607', 'Demonstrate understanding of human manipulations of genetic transfer and its biological implications', 3, 0, 0, 1, 0, 'i'),
(466, '91610', 'Develop a conceptual design considering fitness for purpose in the broadest sense', 6, 0, 0, 0, 0, 'i'),
(467, '91620', 'Implement complex procedures to integrate parts using resistant materials to make a specified product', 6, 0, 0, 0, 0, 'i'),
(468, '91621', 'Implement complex procedures using textile materials to make a specified product', 6, 0, 0, 0, 0, 'i'),
(469, '91623', 'Implement complex procedures to create an applied design for a specified product', 4, 0, 0, 0, 0, 'i'),
(470, '91626', 'Draft a pattern to interpret a design for a garment', 6, 0, 0, 0, 0, 'i');
INSERT INTO `standards` (`standard_id`, `std_num`, `name`, `credits`, `num`, `lit`, `lit_read`, `lit_write`, `type`) VALUES
(471, '91627', 'Initiate design ideas through exploration', 4, 0, 0, 0, 0, 'e'),
(472, '91628', 'Develop a visual presentation that exhibits a design outcome to an audience', 6, 0, 0, 0, 0, 'i'),
(473, '91629', 'Resolve a spatial design through graphics practice', 6, 0, 0, 0, 0, 'i'),
(474, '91630', 'Resolve a product design through graphics practice', 6, 0, 0, 0, 0, 'i'),
(475, '91632', 'Demonstrate understanding of complex concepts of information systems in an organisation', 4, 0, 0, 1, 1, 'e'),
(476, '91633', 'Implement complex procedures to develop a relational database embedded in a specified digital outcome', 6, 0, 0, 0, 0, 'i'),
(477, '91635', 'Implement complex procedures to produce a specified digital media outcome', 4, 0, 0, 0, 0, 'i'),
(478, '91636', 'Demonstrate understanding of areas of computer science', 4, 0, 0, 1, 1, 'e'),
(479, '91637', 'Develop a complex computer program for a specified task', 6, 0, 0, 0, 0, 'i'),
(480, '91650', 'Whakarongo kia mahio ki te reo Maori o te ao whanui (3.1) - Listening', 4, 0, 0, 0, 0, 'i'),
(481, '91651', 'Karero kia whakamahi i te reo Maori o te ao whanui (3.2) - Speaking', 6, 0, 0, 0, 0, 'i'),
(482, '91652', 'Panui kia mahio ki te reo Maori o te ao whanui(3.3) - Reading', 6, 0, 0, 0, 0, 'e'),
(483, '91653', 'Tuhi i te reo Maori o te ao whanui (3.4) Writing', 6, 0, 0, 0, 0, 'e'),
(484, '91654', 'Waihanga tuhinga whai take i te reo Maori o te ao whanui (3.5) - Writing', 6, 0, 0, 0, 0, 'i'),
(485, '91734', 'Undertake a personal action with reflection, that contributes to a sustainable future', 6, 0, 0, 0, 0, 'i'),
(486, '91849', 'Compose three original songs that express imaginative thinking', 8, 0, 0, 0, 0, 'i'),
(487, '92413', 'Examine the influence of context on a substantial music work', 4, 0, 0, 0, 0, 'e'),
(488, '909085', 'Demonstrate understanding of producer choices using Supply', 3, 0, 1, 0, 0, 'e'),
(489, 'TBC', 'Develop design ideas for a digital outcome for s specified purpose and audience (Make a design for a website)', 3, 0, 0, 0, 0, 'i'),
(490, 'TBC', 'Develop a digital media outcome (Make a website you designed)', 4, 0, 0, 0, 0, 'i'),
(491, 'TBC', 'Develop understanding of human computer interaction (Evaluate user interfaces)', 3, 0, 0, 0, 0, 'e'),
(492, 'TBC', 'Use basic interactive processes to plan and develop a digital outcome', 6, 0, 0, 0, 0, 'i');

--
-- Constraints for dumped tables
--

--
-- Constraints for table `courses`
--
ALTER TABLE `courses`
  ADD CONSTRAINT `courses_ibfk_1` FOREIGN KEY (`la_id`) REFERENCES `learning_areas` (`la_id`);

--
-- Constraints for table `course_std`
--
ALTER TABLE `course_std`
  ADD CONSTRAINT `course_std_ibfk_1` FOREIGN KEY (`course_id`) REFERENCES `courses` (`course_id`),
  ADD CONSTRAINT `course_std_ibfk_2` FOREIGN KEY (`standard_id`) REFERENCES `standards` (`standard_id`);

--
-- Constraints for table `prerequisites`
--
ALTER TABLE `prerequisites`
  ADD CONSTRAINT `prerequisites_ibfk_1` FOREIGN KEY (`primary_course_id`) REFERENCES `courses` (`course_id`),
  ADD CONSTRAINT `prerequisites_ibfk_2` FOREIGN KEY (`course_id_pre`) REFERENCES `courses` (`course_id`);

/*!40101 SET CHARACTER_SET_CLIENT=@OLD_CHARACTER_SET_CLIENT */;
/*!40101 SET CHARACTER_SET_RESULTS=@OLD_CHARACTER_SET_RESULTS */;
/*!40101 SET COLLATION_CONNECTION=@OLD_COLLATION_CONNECTION */;
